Date,KOSPI_52W_High,KOSPI_52W_Low,Net_NH_NL
2013-08-13,18,7,11
2013-08-14,17,6,11
2013-08-16,12,6,6
2013-08-19,22,6,16
2013-08-20,8,11,-3
2013-08-21,5,20,-15
2013-08-22,4,38,-34
2013-08-23,7,8,-1
2013-08-26,15,8,7
2013-08-27,5,17,-12
2013-08-28,6,33,-27
2013-08-29,13,14,-1
2013-08-30,10,12,-2
2013-09-02,8,10,-2
2013-09-03,17,4,13
2013-09-04,13,5,8
2013-09-05,24,6,18
2013-09-06,27,5,22
2013-09-09,23,7,16
2013-09-10,33,6,27
2013-09-11,25,4,21
2013-09-12,21,3,18
2013-09-13,8,3,5
2013-09-16,13,3,10
2013-09-17,13,3,10
2013-09-23,20,7,13
2013-09-24,12,6,6
2013-09-25,16,6,10
2013-09-26,18,5,13
2013-09-27,29,1,28
2013-09-30,22,9,13
2013-10-01,18,16,2
2013-10-02,12,11,1
2013-10-04,18,13,5
2013-10-07,16,14,2
2013-10-08,17,22,-5
2013-10-10,15,16,-1
2013-10-11,25,10,15
2013-10-14,21,15,6
2013-10-15,16,17,-1
2013-10-16,19,17,2
2013-10-17,28,25,3
2013-10-18,23,16,7
2013-10-21,20,14,6
2013-10-22,26,9,17
2013-10-23,14,10,4
2013-10-24,23,7,16
2013-10-25,17,10,7
2013-10-28,12,12,0
2013-10-29,13,9,4
2013-10-30,25,9,16
2013-10-31,17,9,8
2013-11-01,17,12,5
2013-11-04,15,13,2
2013-11-05,10,20,-10
2013-11-06,16,21,-5
2013-11-07,15,28,-13
2013-11-08,10,37,-27
2013-11-11,10,56,-46
2013-11-12,13,22,-9
2013-11-13,6,42,-36
2013-11-14,9,39,-30
2013-11-15,14,23,-9
2013-11-18,15,34,-19
2013-11-19,21,24,-3
2013-11-20,19,28,-9
2013-11-21,9,37,-28
2013-11-22,22,23,-1
2013-11-25,22,12,10
2013-11-26,21,11,10
2013-11-27,19,9,10
2013-11-28,31,8,23
2013-11-29,22,6,16
2013-12-02,19,12,7
2013-12-03,15,21,-6
2013-12-04,11,28,-17
2013-12-05,17,24,-7
2013-12-06,17,21,-4
2013-12-09,16,28,-12
2013-12-10,10,32,-22
2013-12-11,9,32,-23
2013-12-12,9,27,-18
2013-12-13,11,27,-16
2013-12-16,6,39,-33
2013-12-17,5,37,-32
2013-12-18,8,39,-31
2013-12-19,13,44,-31
2013-12-20,12,32,-20
2013-12-23,6,11,-5
2013-12-24,12,9,3
2013-12-26,11,11,0
2013-12-27,21,8,13
2013-12-30,20,10,10
2014-01-02,15,12,3
2014-01-03,14,13,1
2014-01-06,15,14,1
2014-01-07,18,6,12
2014-01-08,18,11,7
2014-01-09,22,6,16
2014-01-10,17,10,7
2014-01-13,19,8,11
2014-01-14,12,8,4
2014-01-15,17,3,14
2014-01-16,24,2,22
2014-01-17,21,4,17
2014-01-20,19,5,14
2014-01-21,15,3,12
2014-01-22,16,1,15
2014-01-23,17,5,12
2014-01-24,15,8,7
2014-01-27,8,23,-15
2014-01-28,17,20,-3
2014-01-29,29,6,23
2014-02-03,24,19,5
2014-02-04,15,31,-16
2014-02-05,18,22,-4
2014-02-06,21,16,5
2014-02-07,37,19,18
2014-02-10,23,12,11
2014-02-11,28,10,18
2014-02-12,39,6,33
2014-02-13,34,7,27
2014-02-14,34,6,28
2014-02-17,34,9,25
2014-02-18,28,6,22
2014-02-19,39,10,29
2014-02-20,45,15,30
2014-02-21,33,8,25
2014-02-24,29,12,17
2014-02-25,34,7,27
2014-02-26,34,9,25
2014-02-27,37,8,29
2014-02-28,39,10,29
2014-03-03,23,12,11
2014-03-04,24,14,10
2014-03-05,49,5,44
2014-03-06,50,7,43
2014-03-07,44,7,37
2014-03-10,40,11,29
2014-03-11,54,7,47
2014-03-12,27,16,11
2014-03-13,45,12,33
2014-03-14,32,16,16
2014-03-17,27,15,12
2014-03-18,33,7,26
2014-03-19,41,9,32
2014-03-20,34,19,15
2014-03-21,48,7,41
2014-03-24,39,5,34
2014-03-25,29,5,24
2014-03-26,28,3,25
2014-03-27,35,7,28
2014-03-28,42,4,38
2014-03-31,37,7,30
2014-04-01,36,7,29
2014-04-02,42,5,37
2014-04-03,41,7,34
2014-04-04,46,8,38
2014-04-07,38,8,30
2014-04-08,32,6,26
2014-04-09,37,6,31
2014-04-10,36,3,33
2014-04-11,34,4,30
2014-04-14,44,5,39
2014-04-15,49,7,42
2014-04-16,52,6,46
2014-04-17,35,5,30
2014-04-18,39,6,33
2014-04-21,40,6,34
2014-04-22,39,5,34
2014-04-23,29,8,21
2014-04-24,31,13,18
2014-04-25,18,14,4
2014-04-28,14,11,3
2014-04-29,26,11,15
2014-04-30,42,7,35
2014-05-02,33,12,21
2014-05-07,28,24,4
2014-05-08,39,17,22
2014-05-09,48,13,35
2014-05-12,49,22,27
2014-05-13,52,5,47
2014-05-14,57,5,52
2014-05-15,51,5,46
2014-05-16,50,9,41
2014-05-19,37,22,15
2014-05-20,24,22,2
2014-05-21,47,9,38
2014-05-22,35,8,27
2014-05-23,46,8,38
2014-05-26,55,12,43
2014-05-27,51,14,37
2014-05-28,59,10,49
2014-05-29,42,21,21
2014-05-30,52,32,20
2014-06-02,39,41,-2
2014-06-03,33,49,-16
2014-06-05,36,51,-15
2014-06-09,30,29,1
2014-06-10,29,8,21
2014-06-11,45,9,36
2014-06-12,55,12,43
2014-06-13,35,15,20
2014-06-16,38,20,18
2014-06-17,42,12,30
2014-06-18,29,10,19
2014-06-19,38,8,30
2014-06-20,32,25,7
2014-06-23,29,28,1
2014-06-24,27,23,4
2014-06-25,18,28,-10
2014-06-26,25,18,7
2014-06-27,20,18,2
2014-06-30,38,5,33
2014-07-01,47,2,45
2014-07-02,65,2,63
2014-07-03,72,2,70
2014-07-04,74,2,72
2014-07-07,72,6,66
2014-07-08,77,4,73
2014-07-09,82,12,70
2014-07-10,58,11,47
2014-07-11,70,12,58
2014-07-14,78,7,71
2014-07-15,43,6,37
2014-07-16,32,2,30
2014-07-17,38,6,32
2014-07-18,39,6,33
2014-07-21,54,3,51
2014-07-22,53,3,50
2014-07-23,51,4,47
2014-07-24,21,4,17
2014-07-25,41,1,40
2014-07-28,38,5,33
2014-07-29,15,6,9
2014-07-30,32,9,23
2014-07-31,39,14,25
2014-08-01,42,15,27
2014-08-04,42,5,37
2014-08-05,29,12,17
2014-08-06,49,21,28
2014-08-07,38,19,19
2014-08-08,29,24,5
2014-08-11,25,17,8
2014-08-12,36,15,21
2014-08-13,51,15,36
2014-08-14,38,10,28
2014-08-18,42,8,34
2014-08-19,47,13,34
2014-08-20,50,18,32
2014-08-21,34,27,7
2014-08-22,43,18,25
2014-08-25,46,28,18
2014-08-26,44,18,26
2014-08-27,57,9,48
2014-08-28,42,10,32
2014-08-29,28,6,22
2014-09-01,35,15,20
2014-09-02,35,23,12
2014-09-03,50,30,20
2014-09-04,46,20,26
2014-09-05,43,15,28
2014-09-11,45,13,32
2014-09-12,29,12,17
2014-09-15,30,10,20
2014-09-16,30,8,22
2014-09-17,39,6,33
2014-09-18,29,6,23
2014-09-19,44,4,40
2014-09-22,40,8,32
2014-09-23,38,14,24
2014-09-24,57,14,43
2014-09-25,54,18,36
2014-09-26,58,22,36
2014-09-29,48,37,11
2014-09-30,40,36,4
2014-10-01,29,54,-25
2014-10-02,41,47,-6
2014-10-06,31,34,-3
2014-10-07,27,38,-11
2014-10-08,34,33,1
2014-10-10,29,59,-30
2014-10-13,16,80,-64
2014-10-14,17,35,-18
2014-10-15,25,32,-7
2014-10-16,26,47,-21
2014-10-17,30,42,-12
2014-10-20,27,13,14
2014-10-21,50,34,16
2014-10-22,69,20,49
2014-10-23,57,29,28
2014-10-24,32,45,-13
2014-10-27,33,20,13
2014-10-28,20,30,-10
2014-10-29,12,5,7
2014-10-30,9,18,-9
2014-10-31,15,22,-7
2014-11-03,24,42,-18
2014-11-04,16,76,-60
2014-11-05,14,57,-43
2014-11-06,5,35,-30
2014-11-07,10,10,0
2014-11-10,8,7,1
2014-11-11,14,6,8
2014-11-12,15,1,14
2014-11-13,14,3,11
2014-11-14,11,8,3
2014-11-17,12,12,0
2014-11-18,10,7,3
2014-11-19,14,9,5
2014-11-20,12,15,-3
2014-11-21,9,10,-1
2014-11-24,3,4,-1
2014-11-25,12,4,8
2014-11-26,6,6,0
2014-11-27,4,7,-3
2014-11-28,9,16,-7
2014-12-01,15,35,-20
2014-12-02,15,23,-8
2014-12-03,13,18,-5
2014-12-04,11,10,1
2014-12-05,12,10,2
2014-12-08,15,9,6
2014-12-09,12,16,-4
2014-12-10,6,26,-20
2014-12-11,5,32,-27
2014-12-12,7,31,-24
2014-12-15,4,21,-17
2014-12-16,8,33,-25
2014-12-17,3,26,-23
2014-12-18,2,37,-35
2014-12-19,2,27,-25
2014-12-22,1,12,-11
2014-12-23,3,11,-8
2014-12-24,3,9,-6
2014-12-26,4,9,-5
2014-12-29,13,8,5
2014-12-30,9,14,-5
2015-01-02,15,19,-4
2015-01-05,19,26,-7
2015-01-06,11,43,-32
2015-01-07,14,41,-27
2015-01-08,13,29,-16
2015-01-09,19,9,10
2015-01-12,19,10,9
2015-01-13,15,18,-3
2015-01-14,15,16,-1
2015-01-15,16,13,3
2015-01-16,20,30,-10
2015-01-19,10,17,-7
2015-01-20,14,16,-2
2015-01-21,26,25,1
2015-01-22,22,17,5
2015-01-23,16,17,-1
2015-01-26,27,15,12
2015-01-27,16,11,5
2015-01-28,21,5,16
2015-01-29,24,4,20
2015-01-30,29,10,19
2015-02-02,21,3,18
2015-02-03,19,7,12
2015-02-04,22,5,17
2015-02-05,27,9,18
2015-02-06,18,9,9
2015-02-09,22,9,13
2015-02-10,12,12,0
2015-02-11,28,7,21
2015-02-12,27,6,21
2015-02-13,28,7,21
2015-02-16,35,8,27
2015-02-17,30,3,27
2015-02-23,38,6,32
2015-02-24,40,5,35
2015-02-25,30,4,26
2015-02-26,35,7,28
2015-02-27,21,2,19
2015-03-02,30,2,28
2015-03-03,33,1,32
2015-03-04,25,1,24
2015-03-05,36,1,35
2015-03-06,24,2,22
2015-03-09,23,5,18
2015-03-10,21,2,19
2015-03-11,19,4,15
2015-03-12,25,5,20
2015-03-13,38,2,36
2015-03-16,43,5,38
2015-03-17,44,6,38
2015-03-18,34,5,29
2015-03-19,46,2,44
2015-03-20,44,4,40
2015-03-23,38,3,35
2015-03-24,48,7,41
2015-03-25,70,10,60
2015-03-26,52,5,47
2015-03-27,42,8,34
2015-03-30,76,8,68
2015-03-31,81,4,77
2015-04-01,95,8,87
2015-04-02,75,11,64
2015-04-03,85,6,79
2015-04-06,81,10,71
2015-04-07,68,7,61
2015-04-08,84,7,77
2015-04-09,86,7,79
2015-04-10,92,2,90
2015-04-13,92,3,89
2015-04-14,36,2,34
2015-04-15,56,2,54
2015-04-16,62,2,60
2015-04-17,78,2,76
2015-04-20,79,2,77
2015-04-21,54,2,52
2015-04-22,34,4,30
2015-04-23,37,4,33
2015-04-24,24,2,22
2015-04-27,37,2,35
2015-04-28,34,4,30
2015-04-29,38,4,34
2015-04-30,26,2,24
2015-05-04,33,5,28
2015-05-06,22,6,16
2015-05-07,11,8,3
2015-05-08,22,4,18
2015-05-11,41,4,37
2015-05-12,33,2,31
2015-05-13,51,6,45
2015-05-14,52,3,49
2015-05-15,56,3,53
2015-05-18,59,10,49
2015-05-19,51,8,43
2015-05-20,66,8,58
2015-05-21,58,10,48
2015-05-22,46,5,41
2015-05-26,31,7,24
2015-05-27,19,13,6
2015-05-28,37,8,29
2015-05-29,36,6,30
2015-06-01,36,11,25
2015-06-02,29,20,9
2015-06-03,14,18,-4
2015-06-04,19,19,0
2015-06-05,21,21,0
2015-06-08,25,21,4
2015-06-09,44,10,34
2015-06-10,31,16,15
2015-06-11,36,9,27
2015-06-12,39,11,28
2015-06-15,33,13,20
2015-06-16,28,24,4
2015-06-17,28,10,18
2015-06-18,37,14,23
2015-06-19,34,12,22
2015-06-22,28,5,23
2015-06-23,35,7,28
2015-06-24,40,0,40
2015-06-25,56,5,51
2015-06-26,41,5,36
2015-06-29,32,21,11
2015-06-30,38,8,30
2015-07-01,48,2,46
2015-07-02,60,7,53
2015-07-03,58,10,48
2015-07-06,28,28,0
2015-07-07,19,18,1
2015-07-08,15,16,-1
2015-07-09,16,23,-7
2015-07-10,27,15,12
2015-07-13,37,6,31
2015-07-14,56,8,48
2015-07-15,51,4,47
2015-07-16,55,3,52
2015-07-17,40,17,23
2015-07-20,59,19,40
2015-07-21,51,4,47
2015-07-22,40,9,31
2015-07-23,40,17,23
2015-07-24,32,25,7
2015-07-27,14,19,-5
2015-07-28,17,24,-7
2015-07-29,10,21,-11
2015-07-30,7,25,-18
2015-07-31,14,15,-1
2015-08-03,17,26,-9
2015-08-04,14,13,1
2015-08-05,19,4,15
2015-08-06,30,10,20
2015-08-07,20,13,7
2015-08-10,29,28,1
2015-08-11,11,23,-12
2015-08-12,12,20,-8
2015-08-13,10,3,7
2015-08-14,10,3,7
2015-08-17,13,14,-1
2015-08-18,12,26,-14
2015-08-19,8,56,-48
2015-08-20,5,66,-61
2015-08-21,2,115,-113
2015-08-24,0,109,-109
2015-08-25,0,21,-21
2015-08-26,2,6,-4
2015-08-27,4,5,-1
2015-08-28,7,2,5
2015-08-31,5,3,2
2015-09-01,3,6,-3
2015-09-02,4,7,-3
2015-09-03,6,8,-2
2015-09-04,1,11,-10
2015-09-07,5,10,-5
2015-09-08,3,13,-10
2015-09-09,4,0,4
2015-09-10,9,1,8
2015-09-11,4,0,4
2015-09-14,1,1,0
2015-09-15,2,0,2
2015-09-16,4,0,4
2015-09-17,3,1,2
2015-09-18,4,0,4
2015-09-21,6,0,6
2015-09-22,10,0,10
2015-09-23,7,3,4
2015-09-24,5,3,2
2015-09-25,2,2,0
2015-09-30,7,4,3
2015-10-01,10,4,6
2015-10-02,7,4,3
2015-10-05,13,5,8
2015-10-06,10,4,6
2015-10-07,9,3,6
2015-10-08,10,2,8
2015-10-12,5,1,4
2015-10-13,6,3,3
2015-10-14,6,5,1
2015-10-15,6,2,4
2015-10-16,4,3,1
2015-10-19,10,3,7
2015-10-20,14,3,11
2015-10-21,10,1,9
2015-10-22,6,3,3
2015-10-23,12,4,8
2015-10-26,10,4,6
2015-10-27,6,1,5
2015-10-28,7,4,3
2015-10-29,8,7,1
2015-10-30,6,14,-8
2015-11-02,9,19,-10
2015-11-03,9,13,-4
2015-11-04,12,6,6
2015-11-05,9,7,2
2015-11-06,5,13,-8
2015-11-09,4,26,-22
2015-11-10,0,39,-39
2015-11-11,3,25,-22
2015-11-12,5,20,-15
2015-11-13,1,30,-29
2015-11-16,4,59,-55
2015-11-17,5,24,-19
2015-11-18,5,30,-25
2015-11-19,8,14,-6
2015-11-20,7,11,-4
2015-11-23,7,12,-5
2015-11-24,11,11,0
2015-11-25,9,12,-3
2015-11-26,13,8,5
2015-11-27,14,9,5
2015-11-30,11,18,-7
2015-12-01,9,11,-2
2015-12-02,9,17,-8
2015-12-03,9,16,-7
2015-12-04,12,23,-11
2015-12-07,7,34,-27
2015-12-08,6,54,-48
2015-12-09,4,54,-50
2015-12-10,3,39,-36
2015-12-11,4,38,-34
2015-12-14,6,67,-61
2015-12-15,4,41,-37
2015-12-16,5,11,-6
2015-12-17,8,9,-1
2015-12-18,13,6,7
2015-12-21,10,8,2
2015-12-22,17,10,7
2015-12-23,13,2,11
2015-12-24,8,6,2
2015-12-28,5,7,-2
2015-12-29,15,8,7
2015-12-30,14,9,5
2016-01-04,16,22,-6
2016-01-05,15,23,-8
2016-01-06,13,31,-18
2016-01-07,11,47,-36
2016-01-08,11,46,-35
2016-01-11,4,60,-56
2016-01-12,6,57,-51
2016-01-13,8,15,-7
2016-01-14,5,52,-47
2016-01-15,4,65,-61
2016-01-18,9,59,-50
2016-01-19,8,69,-61
2016-01-20,6,127,-121
2016-01-21,6,79,-73
2016-01-22,8,19,-11
2016-01-25,8,12,-4
2016-01-26,7,35,-28
2016-01-27,5,19,-14
2016-01-28,9,9,0
2016-01-29,6,13,-7
2016-02-01,16,14,2
2016-02-02,8,20,-12
2016-02-03,5,30,-25
2016-02-04,9,11,-2
2016-02-05,6,12,-6
2016-02-11,4,51,-47
2016-02-12,2,96,-94
2016-02-15,3,27,-24
2016-02-16,5,18,-13
2016-02-17,7,25,-18
2016-02-18,8,13,-5
2016-02-19,8,12,-4
2016-02-22,10,9,1
2016-02-23,11,9,2
2016-02-24,14,17,-3
2016-02-25,10,15,-5
2016-02-26,7,11,-4
2016-02-29,8,16,-8
2016-03-02,13,10,3
2016-03-03,15,7,8
2016-03-04,11,7,4
2016-03-07,11,6,5
2016-03-08,8,5,3
2016-03-09,7,5,2
2016-03-10,13,6,7
2016-03-11,4,5,-1
2016-03-14,9,5,4
2016-03-15,8,5,3
2016-03-16,9,4,5
2016-03-17,10,4,6
2016-03-18,13,6,7
2016-03-21,12,6,6
2016-03-22,8,6,2
2016-03-23,10,7,3
2016-03-24,9,7,2
2016-03-25,13,8,5
2016-03-28,17,10,7
2016-03-29,21,7,14
2016-03-30,21,8,13
2016-03-31,20,12,8
2016-04-01,13,9,4
2016-04-04,21,11,10
2016-04-05,20,7,13
2016-04-06,17,9,8
2016-04-07,14,6,8
2016-04-08,13,7,6
2016-04-11,15,7,8
2016-04-12,11,9,2
2016-04-14,24,10,14
2016-04-15,21,10,11
2016-04-18,12,8,4
2016-04-19,16,6,10
2016-04-20,14,5,9
2016-04-21,17,4,13
2016-04-22,14,7,7
2016-04-25,18,6,12
2016-04-26,16,9,7
2016-04-27,15,11,4
2016-04-28,12,8,4
2016-04-29,14,7,7
2016-05-02,10,14,-4
2016-05-03,11,7,4
2016-05-04,9,11,-2
2016-05-09,14,19,-5
2016-05-10,15,7,8
2016-05-11,15,10,5
2016-05-12,20,11,9
2016-05-13,18,10,8
2016-05-16,17,12,5
2016-05-17,20,22,-2
2016-05-18,25,22,3
2016-05-19,18,27,-9
2016-05-20,14,19,-5
2016-05-23,23,15,8
2016-05-24,13,24,-11
2016-05-25,15,17,-2
2016-05-26,13,24,-11
2016-05-27,23,9,14
2016-05-30,15,14,1
2016-05-31,15,5,10
2016-06-01,19,10,9
2016-06-02,19,7,12
2016-06-03,18,11,7
2016-06-07,23,6,17
2016-06-08,25,10,15
2016-06-09,17,16,1
2016-06-10,12,8,4
2016-06-13,7,19,-12
2016-06-14,8,29,-21
2016-06-15,10,27,-17
2016-06-16,6,47,-41
2016-06-17,8,25,-17
2016-06-20,14,10,4
2016-06-21,13,14,-1
2016-06-22,12,11,1
2016-06-23,9,23,-14
2016-06-24,2,77,-75
2016-06-27,4,60,-56
2016-06-28,6,25,-19
2016-06-29,9,8,1
2016-06-30,12,4,8
2016-07-01,16,4,12
2016-07-04,13,7,6
2016-07-05,17,11,6
2016-07-06,12,22,-10
2016-07-07,16,12,4
2016-07-08,17,22,-5
2016-07-11,22,10,12
2016-07-12,22,10,12
2016-07-13,23,7,16
2016-07-14,19,15,4
2016-07-15,12,16,-4
2016-07-18,15,10,5
2016-07-19,12,13,-1
2016-07-20,14,16,-2
2016-07-21,13,14,-1
2016-07-22,12,13,-1
2016-07-25,9,11,-2
2016-07-26,9,7,2
2016-07-27,11,9,2
2016-07-28,10,10,0
2016-07-29,14,16,-2
2016-08-01,18,15,3
2016-08-02,13,9,4
2016-08-03,16,13,3
2016-08-04,8,10,-2
2016-08-05,13,11,2
2016-08-08,12,7,5
2016-08-09,17,7,10
2016-08-10,11,9,2
2016-08-11,15,4,11
2016-08-12,19,4,15
2016-08-16,17,9,8
2016-08-17,21,20,1
2016-08-18,22,24,-2
2016-08-19,18,25,-7
2016-08-22,11,34,-23
2016-08-23,13,23,-10
2016-08-24,13,19,-6
2016-08-25,15,19,-4
2016-08-26,15,16,-1
2016-08-29,12,38,-26
2016-08-30,18,34,-16
2016-08-31,15,37,-22
2016-09-01,18,20,-2
2016-09-02,17,13,4
2016-09-05,26,9,17
2016-09-06,21,13,8
2016-09-07,22,22,0
2016-09-08,12,30,-18
2016-09-09,11,41,-30
2016-09-12,8,60,-52
2016-09-13,14,29,-15
2016-09-19,28,20,8
2016-09-20,22,14,8
2016-09-21,14,8,6
2016-09-22,16,7,9
2016-09-23,17,3,14
2016-09-26,22,5,17
2016-09-27,26,5,21
2016-09-28,25,5,20
2016-09-29,17,5,12
2016-09-30,10,11,-1
2016-10-04,17,10,7
2016-10-05,14,13,1
2016-10-06,13,14,-1
2016-10-07,7,25,-18
2016-10-10,9,20,-11
2016-10-11,12,17,-5
2016-10-12,13,11,2
2016-10-13,3,26,-23
2016-10-14,7,19,-12
2016-10-17,7,24,-17
2016-10-18,11,22,-11
2016-10-19,7,17,-10
2016-10-20,12,26,-14
2016-10-21,10,34,-24
2016-10-24,15,41,-26
2016-10-25,16,56,-40
2016-10-26,4,56,-52
2016-10-27,6,9,-3
2016-10-28,7,29,-22
2016-10-31,6,84,-78
2016-11-01,7,73,-66
2016-11-02,5,141,-136
2016-11-03,3,39,-36
2016-11-04,4,24,-20
2016-11-07,5,17,-12
2016-11-08,5,8,-3
2016-11-09,1,98,-97
2016-11-10,7,12,-5
2016-11-11,11,15,-4
2016-11-14,10,14,-4
2016-11-15,11,19,-8
2016-11-16,11,8,3
2016-11-17,10,8,2
2016-11-18,9,18,-9
2016-11-21,4,38,-34
2016-11-22,5,36,-31
2016-11-23,8,54,-46
2016-11-24,8,79,-71
2016-11-25,8,38,-30
2016-11-28,6,53,-47
2016-11-29,9,29,-20
2016-11-30,8,40,-32
2016-12-01,13,45,-32
2016-12-02,10,59,-49
2016-12-05,13,104,-91
2016-12-06,21,31,-10
2016-12-07,16,62,-46
2016-12-08,24,19,5
2016-12-09,13,7,6
2016-12-12,12,0,12
2016-12-13,7,0,7
2016-12-14,13,0,13
2016-12-15,12,1,11
2016-12-16,23,0,23
2016-12-19,18,1,17
2016-12-20,16,2,14
2016-12-21,14,6,8
2016-12-22,8,6,2
2016-12-23,7,3,4
2016-12-26,13,12,1
2016-12-27,12,9,3
2016-12-28,23,2,21
2016-12-29,16,3,13
2017-01-02,21,10,11
2017-01-03,18,4,14
2017-01-04,13,8,5
2017-01-05,11,2,9
2017-01-06,11,5,6
2017-01-09,17,11,6
2017-01-10,14,14,0
2017-01-11,24,11,13
2017-01-12,21,8,13
2017-01-13,16,3,13
2017-01-16,12,3,9
2017-01-17,11,5,6
2017-01-18,11,6,5
2017-01-19,12,9,3
2017-01-20,12,9,3
2017-01-23,9,16,-7
2017-01-24,5,17,-12
2017-01-25,11,32,-21
2017-01-26,15,20,-5
2017-01-31,10,16,-6
2017-02-01,20,7,13
2017-02-02,8,14,-6
2017-02-03,9,19,-10
2017-02-06,14,16,-2
2017-02-07,11,14,-3
2017-02-08,8,21,-13
2017-02-09,16,13,3
2017-02-10,16,12,4
2017-02-13,21,7,14
2017-02-14,14,4,10
2017-02-15,15,3,12
2017-02-16,8,2,6
2017-02-17,19,5,14
2017-02-20,12,2,10
2017-02-21,15,1,14
2017-02-22,16,2,14
2017-02-23,12,7,5
2017-02-24,5,6,-1
2017-02-27,8,8,0
2017-02-28,14,4,10
2017-03-02,18,14,4
2017-03-03,13,29,-16
2017-03-06,19,26,-7
2017-03-07,21,16,5
2017-03-08,20,16,4
2017-03-09,15,12,3
2017-03-10,24,11,13
2017-03-13,32,12,20
2017-03-14,24,22,2
2017-03-15,20,23,-3
2017-03-16,31,14,17
2017-03-17,24,20,4
2017-03-20,20,27,-7
2017-03-21,16,18,-2
2017-03-22,14,18,-4
2017-03-23,13,20,-7
2017-03-24,12,12,0
2017-03-27,11,21,-10
2017-03-28,9,6,3
2017-03-29,13,8,5
2017-03-30,12,12,0
2017-03-31,15,4,11
2017-04-03,12,5,7
2017-04-04,7,5,2
2017-04-05,10,2,8
2017-04-06,6,4,2
2017-04-07,17,8,9
2017-04-10,13,20,-7
2017-04-11,8,17,-9
2017-04-12,13,15,-2
2017-04-13,15,9,6
2017-04-14,7,20,-13
2017-04-17,9,3,6
2017-04-18,11,2,9
2017-04-19,13,7,6
2017-04-20,12,2,10
2017-04-21,15,0,15
2017-04-24,11,13,-2
2017-04-25,24,5,19
2017-04-26,29,2,27
2017-04-27,25,3,22
2017-04-28,18,7,11
2017-05-02,25,17,8
2017-05-04,36,7,29
2017-05-08,44,2,42
2017-05-10,26,5,21
2017-05-11,52,5,47
2017-05-12,35,5,30
2017-05-15,33,10,23
2017-05-16,43,21,22
2017-05-17,38,18,20
2017-05-18,25,25,0
2017-05-19,35,7,28
2017-05-22,46,6,40
2017-05-23,50,5,45
2017-05-24,52,4,48
2017-05-25,60,7,53
2017-05-26,58,5,53
2017-05-29,45,7,38
2017-05-30,39,2,37
2017-05-31,44,0,44
2017-06-01,34,0,34
2017-06-02,58,0,58
2017-06-05,44,4,40
2017-06-07,52,5,47
2017-06-08,52,7,45
2017-06-09,64,4,60
2017-06-12,31,9,22
2017-06-13,60,3,57
2017-06-14,51,4,47
2017-06-15,36,6,30
2017-06-16,43,3,40
2017-06-19,40,5,35
2017-06-20,24,10,14
2017-06-21,21,11,10
2017-06-22,24,12,12
2017-06-23,21,4,17
2017-06-26,27,14,13
2017-06-27,29,12,17
2017-06-28,29,14,15
2017-06-29,40,10,30
2017-06-30,37,13,24
2017-07-03,34,15,19
2017-07-04,14,18,-4
2017-07-05,17,10,7
2017-07-06,13,7,6
2017-07-07,15,14,1
2017-07-10,24,26,-2
2017-07-11,33,25,8
2017-07-12,26,22,4
2017-07-13,29,30,-1
2017-07-14,24,37,-13
2017-07-17,35,23,12
2017-07-18,25,23,2
2017-07-19,29,8,21
2017-07-20,39,9,30
2017-07-21,37,8,29
2017-07-24,40,16,24
2017-07-25,23,17,6
2017-07-26,31,20,11
2017-07-27,29,22,7
2017-07-28,12,30,-18
2017-07-31,30,48,-18
2017-08-01,45,13,32
2017-08-02,33,11,22
2017-08-03,9,45,-36
2017-08-04,19,34,-15
2017-08-07,17,17,0
2017-08-08,12,11,1
2017-08-09,13,33,-20
2017-08-10,11,51,-40
2017-08-11,8,84,-76
2017-08-14,7,66,-59
2017-08-16,9,46,-37
2017-08-17,14,29,-15
2017-08-18,18,24,-6
2017-08-21,16,34,-18
2017-08-22,17,29,-12
2017-08-23,22,30,-8
2017-08-24,26,30,-4
2017-08-25,23,19,4
2017-08-28,20,15,5
2017-08-29,26,21,5
2017-08-30,29,18,11
2017-08-31,28,21,7
2017-09-01,19,20,-1
2017-09-04,16,34,-18
2017-09-05,11,60,-49
2017-09-06,13,57,-44
2017-09-07,14,28,-14
2017-09-08,11,65,-54
2017-09-11,24,64,-40
2017-09-12,25,41,-16
2017-09-13,23,73,-50
2017-09-14,23,59,-36
2017-09-15,25,60,-35
2017-09-18,23,60,-37
2017-09-19,16,41,-25
2017-09-20,12,68,-56
2017-09-21,6,101,-95
2017-09-25,8,200,-192
2017-09-26,8,200,-192
2017-09-27,6,46,-40
2017-09-28,8,29,-21
2017-09-29,10,14,-4
2017-10-10,14,24,-10
2017-10-11,13,18,-5
2017-10-12,17,18,-1
2017-10-13,15,27,-12
2017-10-16,20,37,-17
2017-10-17,12,29,-17
2017-10-18,14,46,-32
2017-10-19,13,26,-13
2017-10-20,14,21,-7
2017-10-23,9,24,-15
2017-10-24,11,20,-9
2017-10-25,13,18,-5
2017-10-26,15,18,-3
2017-10-27,14,7,7
2017-10-30,11,7,4
2017-10-31,12,10,2
2017-11-01,15,11,4
2017-11-02,9,11,-2
2017-11-03,12,7,5
2017-11-06,15,12,3
2017-11-07,10,11,-1
2017-11-08,19,10,9
2017-11-09,18,9,9
2017-11-10,19,10,9
2017-11-13,17,12,5
2017-11-14,31,15,16
2017-11-15,25,26,-1
2017-11-16,27,15,12
2017-11-17,20,21,-1
2017-11-20,40,18,22
2017-11-21,41,27,14
2017-11-22,22,28,-6
2017-11-23,31,16,15
2017-11-24,29,13,16
2017-11-27,26,13,13
2017-11-28,14,16,-2
2017-11-29,16,20,-4
2017-11-30,12,18,-6
2017-12-01,8,20,-12
2017-12-04,16,16,0
2017-12-05,15,13,2
2017-12-06,10,9,1
2017-12-07,5,20,-15
2017-12-08,5,44,-39
2017-12-11,7,33,-26
2017-12-12,6,37,-31
2017-12-13,9,22,-13
2017-12-14,14,25,-11
2017-12-15,17,18,-1
2017-12-18,11,26,-15
2017-12-19,7,58,-51
2017-12-21,8,83,-75
2017-12-22,9,34,-25
2017-12-26,8,25,-17
2017-12-27,31,13,18
2017-12-28,31,5,26
2018-01-02,37,5,32
2018-01-03,25,6,19
2018-01-04,11,14,-3
2018-01-05,28,7,21
2018-01-08,31,14,17
2018-01-09,26,17,9
2018-01-10,31,15,16
2018-01-11,31,15,16
2018-01-12,39,19,20
2018-01-15,32,26,6
2018-01-16,23,26,-3
2018-01-17,22,26,-4
2018-01-18,20,14,6
2018-01-19,27,5,22
2018-01-22,21,5,16
2018-01-23,39,2,37
2018-01-24,37,3,34
2018-01-25,55,2,53
2018-01-26,67,1,66
2018-01-29,65,0,65
2018-01-30,40,0,40
2018-01-31,32,0,32
2018-02-01,36,1,35
2018-02-02,26,1,25
2018-02-05,13,5,8
2018-02-06,7,12,-5
2018-02-07,7,18,-11
2018-02-08,9,11,-2
2018-02-09,11,24,-13
2018-02-12,12,29,-17
2018-02-13,6,25,-19
2018-02-14,7,25,-18
2018-02-19,14,9,5
2018-02-20,13,9,4
2018-02-21,13,5,8
2018-02-22,8,8,0
2018-02-23,17,13,4
2018-02-26,14,13,1
2018-02-27,10,17,-7
2018-02-28,13,23,-10
2018-03-02,18,42,-24
2018-03-05,11,59,-48
2018-03-06,12,36,-24
2018-03-07,15,55,-40
2018-03-08,15,31,-16
2018-03-09,15,8,7
2018-03-12,22,2,20
2018-03-13,16,7,9
2018-03-14,13,11,2
2018-03-15,18,12,6
2018-03-16,18,11,7
2018-03-19,22,16,6
2018-03-20,21,19,2
2018-03-21,21,18,3
2018-03-22,11,22,-11
2018-03-23,8,81,-73
2018-03-26,12,57,-45
2018-03-27,16,16,0
2018-03-28,15,35,-20
2018-03-29,16,33,-17
2018-03-30,20,9,11
2018-04-02,20,16,4
2018-04-03,23,20,3
2018-04-04,16,39,-23
2018-04-05,8,16,-8
2018-04-06,17,24,-7
2018-04-09,24,44,-20
2018-04-10,26,47,-21
2018-04-11,25,32,-7
2018-04-12,15,15,0
2018-04-13,21,21,0
2018-04-16,28,21,7
2018-04-17,27,17,10
2018-04-18,31,6,25
2018-04-19,43,9,34
2018-04-20,28,4,24
2018-04-23,34,6,28
2018-04-24,26,5,21
2018-04-25,19,8,11
2018-04-26,20,8,12
2018-04-27,18,11,7
2018-04-30,58,9,49
2018-05-02,77,9,68
2018-05-03,20,9,11
2018-05-04,44,10,34
2018-05-08,21,17,4
2018-05-09,19,15,4
2018-05-10,34,12,22
2018-05-11,45,7,38
2018-05-14,79,6,73
2018-05-15,57,14,43
2018-05-16,15,21,-6
2018-05-17,26,19,7
2018-05-18,29,13,16
2018-05-21,32,14,18
2018-05-23,23,25,-2
2018-05-24,19,25,-6
2018-05-25,12,50,-38
2018-05-28,35,23,12
2018-05-29,15,33,-18
2018-05-30,22,52,-30
2018-05-31,28,31,-3
2018-06-01,20,14,6
2018-06-04,21,13,8
2018-06-05,15,10,5
2018-06-07,31,7,24
2018-06-08,13,5,8
2018-06-11,20,4,16
2018-06-12,25,5,20
2018-06-14,21,17,4
2018-06-15,20,21,-1
2018-06-18,13,63,-50
2018-06-19,6,95,-89
2018-06-20,14,49,-35
2018-06-21,18,86,-68
2018-06-22,12,66,-54
2018-06-25,12,27,-15
2018-06-26,6,45,-39
2018-06-27,9,64,-55
2018-06-28,7,81,-74
2018-06-29,5,60,-55
2018-07-02,9,164,-155
2018-07-03,6,119,-113
2018-07-04,4,79,-75
2018-07-05,5,107,-102
2018-07-06,4,22,-18
2018-07-09,13,49,-36
2018-07-10,9,13,-4
2018-07-11,6,35,-29
2018-07-12,12,21,-9
2018-07-13,10,12,-2
2018-07-16,7,14,-7
2018-07-17,6,15,-9
2018-07-18,3,46,-43
2018-07-19,5,77,-72
2018-07-20,2,54,-52
2018-07-23,3,97,-94
2018-07-24,1,36,-35
2018-07-25,1,70,-69
2018-07-26,6,24,-18
2018-07-27,5,12,-7
2018-07-30,3,17,-14
2018-07-31,5,10,-5
2018-08-01,7,5,2
2018-08-02,6,10,-4
2018-08-03,5,3,2
2018-08-06,3,2,1
2018-08-07,5,3,2
2018-08-08,6,5,1
2018-08-09,6,14,-8
2018-08-10,6,12,-6
2018-08-13,3,37,-34
2018-08-14,6,23,-17
2018-08-16,7,50,-43
2018-08-17,6,30,-24
2018-08-20,6,25,-19
2018-08-21,5,12,-7
2018-08-22,7,22,-15
2018-08-23,7,33,-26
2018-08-24,10,24,-14
2018-08-27,8,30,-22
2018-08-28,10,11,-1
2018-08-29,8,10,-2
2018-08-30,4,15,-11
2018-08-31,5,11,-6
2018-09-03,7,18,-11
2018-09-04,15,22,-7
2018-09-05,14,22,-8
2018-09-06,8,25,-17
2018-09-07,7,19,-12
2018-09-10,10,25,-15
2018-09-11,13,29,-16
2018-09-12,19,22,-3
2018-09-13,16,12,4
2018-09-14,16,7,9
2018-09-17,12,20,-8
2018-09-18,10,26,-16
2018-09-19,8,42,-34
2018-09-20,5,44,-39
2018-09-21,8,18,-10
2018-09-27,14,8,6
2018-09-28,15,10,5
2018-10-01,12,22,-10
2018-10-02,11,39,-28
2018-10-04,5,74,-69
2018-10-05,5,72,-67
2018-10-08,3,79,-76
2018-10-10,4,150,-146
2018-10-11,3,273,-270
2018-10-12,2,83,-81
2018-10-15,2,99,-97
2018-10-16,3,41,-38
2018-10-17,2,16,-14
2018-10-18,2,48,-46
2018-10-19,4,58,-54
2018-10-22,8,53,-45
2018-10-23,3,161,-158
2018-10-24,3,147,-144
2018-10-25,3,247,-244
2018-10-26,5,286,-281
2018-10-29,2,399,-397
2018-10-30,3,142,-139
2018-10-31,5,54,-49
2018-11-01,3,32,-29
2018-11-02,3,6,-3
2018-11-05,4,26,-22
2018-11-06,5,11,-6
2018-11-07,5,37,-32
2018-11-08,5,7,-2
2018-11-09,6,11,-5
2018-11-12,6,24,-18
2018-11-13,4,34,-30
2018-11-14,4,31,-27
2018-11-15,4,26,-22
2018-11-16,5,8,-3
2018-11-19,5,7,-2
2018-11-20,4,15,-11
2018-11-21,6,20,-14
2018-11-22,6,25,-19
2018-11-23,5,35,-30
2018-11-26,8,15,-7
2018-11-27,4,12,-8
2018-11-28,6,10,-4
2018-11-29,5,12,-7
2018-11-30,8,16,-8
2018-12-03,8,3,5
2018-12-04,7,9,-2
2018-12-05,14,15,-1
2018-12-06,5,27,-22
2018-12-07,5,16,-11
2018-12-10,6,47,-41
2018-12-11,3,52,-49
2018-12-12,5,12,-7
2018-12-13,9,6,3
2018-12-14,10,12,-2
2018-12-17,10,20,-10
2018-12-18,5,32,-27
2018-12-19,3,11,-8
2018-12-20,5,25,-20
2018-12-21,4,14,-10
2018-12-24,3,25,-22
2018-12-26,3,62,-59
2018-12-27,6,10,-4
2018-12-28,7,5,2
2019-01-02,9,18,-9
2019-01-03,5,32,-27
2019-01-04,7,34,-27
2019-01-07,7,11,-4
2019-01-08,6,12,-6
2019-01-09,3,4,-1
2019-01-10,2,8,-6
2019-01-11,6,4,2
2019-01-14,11,6,5
2019-01-15,8,2,6
2019-01-16,12,3,9
2019-01-17,9,5,4
2019-01-18,11,2,9
2019-01-21,14,2,12
2019-01-22,7,2,5
2019-01-23,8,3,5
2019-01-24,11,2,9
2019-01-25,11,1,10
2019-01-28,7,1,6
2019-01-29,7,1,6
2019-01-30,9,1,8
2019-01-31,7,1,6
2019-02-01,5,3,2
2019-02-07,10,3,7
2019-02-08,8,2,6
2019-02-11,11,3,8
2019-02-12,10,3,7
2019-02-13,14,2,12
2019-02-14,12,3,9
2019-02-15,3,3,0
2019-02-18,8,3,5
2019-02-19,6,1,5
2019-02-20,7,2,5
2019-02-21,8,2,6
2019-02-22,9,4,5
2019-02-25,12,2,10
2019-02-26,5,3,2
2019-02-27,10,1,9
2019-02-28,6,5,1
2019-03-04,12,3,9
2019-03-05,6,3,3
2019-03-06,9,4,5
2019-03-07,5,7,-2
2019-03-08,2,9,-7
2019-03-11,7,10,-3
2019-03-12,9,1,8
2019-03-13,11,3,8
2019-03-14,14,3,11
2019-03-15,18,7,11
2019-03-18,18,5,13
2019-03-19,12,5,7
2019-03-20,21,7,14
2019-03-21,6,10,-4
2019-03-22,12,12,0
2019-03-25,6,21,-15
2019-03-26,12,12,0
2019-03-27,13,11,2
2019-03-28,6,27,-21
2019-03-29,8,14,-6
2019-04-01,12,6,6
2019-04-02,5,7,-2
2019-04-03,7,5,2
2019-04-04,15,5,10
2019-04-05,13,3,10
2019-04-08,21,2,19
2019-04-09,15,5,10
2019-04-10,26,2,24
2019-04-11,26,3,23
2019-04-12,31,2,29
2019-04-15,17,3,14
2019-04-16,18,4,14
2019-04-17,14,5,9
2019-04-18,8,7,1
2019-04-19,9,4,5
2019-04-22,14,6,8
2019-04-23,15,7,8
2019-04-24,12,7,5
2019-04-25,11,10,1
2019-04-26,9,11,-2
2019-04-29,13,5,8
2019-04-30,13,6,7
2019-05-02,12,5,7
2019-05-03,17,6,11
2019-05-07,16,17,-1
2019-05-08,16,20,-4
2019-05-09,7,38,-31
2019-05-10,11,32,-21
2019-05-13,9,59,-50
2019-05-14,12,38,-26
2019-05-15,11,11,0
2019-05-16,10,21,-11
2019-05-17,11,30,-19
2019-05-20,12,45,-33
2019-05-21,7,37,-30
2019-05-22,9,26,-17
2019-05-23,14,54,-40
2019-05-24,9,58,-49
2019-05-27,7,45,-38
2019-05-28,10,22,-12
2019-05-29,5,63,-58
2019-05-30,4,43,-39
2019-05-31,6,22,-16
2019-06-03,9,31,-22
2019-06-04,10,14,-4
2019-06-05,14,12,2
2019-06-07,18,7,11
2019-06-10,26,4,22
2019-06-11,20,3,17
2019-06-12,18,3,15
2019-06-13,26,5,21
2019-06-14,20,5,15
2019-06-17,16,9,7
2019-06-18,13,9,4
2019-06-19,15,4,11
2019-06-20,11,4,7
2019-06-21,15,5,10
2019-06-24,21,5,16
2019-06-25,9,10,-1
2019-06-26,11,14,-3
2019-06-27,12,13,-1
2019-06-28,12,16,-4
2019-07-01,10,5,5
2019-07-02,19,10,9
2019-07-03,8,21,-13
2019-07-04,12,25,-13
2019-07-05,9,10,-1
2019-07-08,8,54,-46
2019-07-09,4,76,-72
2019-07-10,4,45,-41
2019-07-11,3,14,-11
2019-07-12,5,14,-9
2019-07-15,4,31,-27
2019-07-16,7,28,-21
2019-07-17,4,53,-49
2019-07-18,3,57,-54
2019-07-19,5,13,-8
2019-07-22,7,24,-17
2019-07-23,10,26,-16
2019-07-24,7,47,-40
2019-07-25,6,84,-78
2019-07-26,9,107,-98
2019-07-29,9,180,-171
2019-07-30,9,57,-48
2019-07-31,7,54,-47
2019-08-01,5,79,-74
2019-08-02,3,113,-110
2019-08-05,8,275,-267
2019-08-06,7,281,-274
2019-08-07,5,129,-124
2019-08-08,5,23,-18
2019-08-09,3,24,-21
2019-08-12,2,39,-37
2019-08-13,3,51,-48
2019-08-14,6,45,-39
2019-08-16,7,71,-64
2019-08-19,8,15,-7
2019-08-20,5,6,-1
2019-08-21,6,5,1
2019-08-22,4,11,-7
2019-08-23,5,22,-17
2019-08-26,4,72,-68
2019-08-27,5,53,-48
2019-08-28,9,21,-12
2019-08-29,3,22,-19
2019-08-30,5,6,-1
2019-09-02,10,4,6
2019-09-03,8,11,-3
2019-09-04,11,10,1
2019-09-05,7,9,-2
2019-09-06,8,10,-2
2019-09-09,11,11,0
2019-09-10,6,8,-2
2019-09-11,9,6,3
2019-09-16,13,3,10
2019-09-17,9,4,5
2019-09-18,12,3,9
2019-09-19,12,5,7
2019-09-20,14,5,9
2019-09-23,15,3,12
2019-09-24,13,5,8
2019-09-25,7,8,-1
2019-09-26,6,11,-5
2019-09-27,6,16,-10
2019-09-30,10,23,-13
2019-10-01,7,9,-2
2019-10-02,10,26,-16
2019-10-04,7,36,-29
2019-10-07,5,34,-29
2019-10-08,7,15,-8
2019-10-10,9,24,-15
2019-10-11,8,21,-13
2019-10-14,9,9,0
2019-10-15,9,10,-1
2019-10-16,10,2,8
2019-10-17,6,9,-3
2019-10-18,9,9,0
2019-10-21,10,12,-2
2019-10-22,12,12,0
2019-10-23,8,23,-15
2019-10-24,10,23,-13
2019-10-25,10,23,-13
2019-10-28,10,17,-7
2019-10-29,6,22,-16
2019-10-30,7,31,-24
2019-10-31,13,25,-12
2019-11-01,13,20,-7
2019-11-04,15,6,9
2019-11-05,12,4,8
2019-11-06,11,5,6
2019-11-07,9,5,4
2019-11-08,9,4,5
2019-11-11,15,9,6
2019-11-12,14,9,5
2019-11-13,8,7,1
2019-11-14,8,9,-1
2019-11-15,18,7,11
2019-11-18,19,10,9
2019-11-19,18,14,4
2019-11-20,10,25,-15
2019-11-21,5,49,-44
2019-11-22,5,34,-29
2019-11-25,6,11,-5
2019-11-26,10,10,0
2019-11-27,12,7,5
2019-11-28,12,16,-4
2019-11-29,9,31,-22
2019-12-02,10,31,-21
2019-12-03,12,37,-25
2019-12-04,6,58,-52
2019-12-05,7,72,-65
2019-12-06,10,30,-20
2019-12-09,8,38,-30
2019-12-10,10,37,-27
2019-12-11,12,31,-19
2019-12-12,17,16,1
2019-12-13,19,11,8
2019-12-16,15,4,11
2019-12-17,24,5,19
2019-12-18,18,4,14
2019-12-19,13,8,5
2019-12-20,15,7,8
2019-12-23,13,7,6
2019-12-24,19,16,3
2019-12-26,17,2,15
2019-12-27,38,2,36
2019-12-30,21,5,16
2020-01-02,16,4,12
2020-01-03,13,3,10
2020-01-06,11,18,-7
2020-01-07,15,14,1
2020-01-08,11,69,-58
2020-01-09,20,15,5
2020-01-10,23,16,7
2020-01-13,25,7,18
2020-01-14,21,8,13
2020-01-15,22,7,15
2020-01-16,24,10,14
2020-01-17,14,5,9
2020-01-20,14,10,4
2020-01-21,11,14,-3
2020-01-22,26,13,13
2020-01-23,19,23,-4
2020-01-28,12,90,-78
2020-01-29,10,49,-39
2020-01-30,6,108,-102
2020-01-31,6,141,-135
2020-02-03,3,158,-155
2020-02-04,9,49,-40
2020-02-05,8,40,-32
2020-02-06,12,3,9
2020-02-07,12,9,3
2020-02-10,13,16,-3
2020-02-11,17,7,10
2020-02-12,15,9,6
2020-02-13,11,23,-12
2020-02-14,15,31,-16
2020-02-17,17,30,-13
2020-02-18,5,46,-41
2020-02-19,9,62,-53
2020-02-20,8,94,-86
2020-02-21,6,154,-148
2020-02-24,8,253,-245
2020-02-25,6,50,-44
2020-02-26,6,95,-89
2020-02-27,5,140,-135
2020-02-28,3,299,-296
2020-03-02,4,148,-144
2020-03-03,3,74,-71
2020-03-04,7,31,-24
2020-03-05,4,13,-9
2020-03-06,6,62,-56
2020-03-09,6,72,-66
2020-03-10,3,251,-248
2020-03-11,2,333,-331
2020-03-12,2,360,-358
2020-03-13,2,543,-541
2020-03-16,4,491,-487
2020-03-17,2,443,-441
2020-03-18,3,513,-510
2020-03-19,2,638,-636
2020-03-20,3,50,-47
2020-03-23,2,344,-342
2020-03-24,3,20,-17
2020-03-25,3,11,-8
2020-03-26,6,6,0
2020-03-27,5,5,0
2020-03-30,8,4,4
2020-03-31,7,2,5
2020-04-01,5,3,2
2020-04-02,4,3,1
2020-04-03,7,3,4
2020-04-06,11,2,9
2020-04-07,7,2,5
2020-04-08,5,2,3
2020-04-09,6,2,4
2020-04-10,8,2,6
2020-04-13,4,2,2
2020-04-14,6,2,4
2020-04-16,5,2,3
2020-04-17,8,3,5
2020-04-20,7,3,4
2020-04-21,7,3,4
2020-04-22,8,4,4
2020-04-23,13,3,10
2020-04-24,10,3,7
2020-04-27,11,3,8
2020-04-28,9,2,7
2020-04-29,10,2,8
2020-05-04,16,2,14
2020-05-06,15,2,13
2020-05-07,17,2,15
2020-05-08,14,2,12
2020-05-11,12,2,10
2020-05-12,15,2,13
2020-05-13,17,2,15
2020-05-14,20,3,17
2020-05-15,20,3,17
2020-05-18,20,3,17
2020-05-19,10,2,8
2020-05-20,13,2,11
2020-05-21,12,3,9
2020-05-22,17,3,14
2020-05-25,21,3,18
2020-05-26,16,3,13
2020-05-27,15,2,13
2020-05-28,9,3,6
2020-05-29,12,3,9
2020-06-01,16,2,14
2020-06-02,19,2,17
2020-06-03,13,2,11
2020-06-04,11,2,9
2020-06-05,16,1,15
2020-06-08,14,1,13
2020-06-09,23,1,22
2020-06-10,31,1,30
2020-06-11,18,2,16
2020-06-12,19,2,17
2020-06-15,11,4,7
2020-06-16,24,1,23
2020-06-17,25,2,23
2020-06-18,18,3,15
2020-06-19,20,1,19
2020-06-22,24,2,22
2020-06-23,26,1,25
2020-06-24,21,2,19
2020-06-25,14,4,10
2020-06-26,10,3,7
2020-06-29,13,5,8
2020-06-30,11,3,8
2020-07-01,12,4,8
2020-07-02,15,3,12
2020-07-03,16,1,15
2020-07-06,29,3,26
2020-07-07,25,4,21
2020-07-08,26,3,23
2020-07-09,37,1,36
2020-07-10,28,3,25
2020-07-13,40,3,37
2020-07-14,23,2,21
2020-07-15,18,1,17
2020-07-16,17,1,16
2020-07-17,21,1,20
2020-07-20,27,2,25
2020-07-21,31,2,29
2020-07-22,34,2,32
2020-07-23,36,2,34
2020-07-24,24,4,20
2020-07-27,28,2,26
2020-07-28,18,2,16
2020-07-29,24,3,21
2020-07-30,21,3,18
2020-07-31,26,4,22
2020-08-03,34,4,30
2020-08-04,47,3,44
2020-08-05,49,1,48
2020-08-06,49,1,48
2020-08-07,42,1,41
2020-08-10,62,3,59
2020-08-11,50,1,49
2020-08-12,35,2,33
2020-08-13,41,1,40
2020-08-14,34,2,32
2020-08-18,15,3,12
2020-08-19,28,1,27
2020-08-20,12,5,7
2020-08-21,8,4,4
2020-08-24,17,4,13
2020-08-25,23,1,22
2020-08-26,21,1,20
2020-08-27,25,3,22
2020-08-28,24,2,22
2020-08-31,28,3,25
2020-09-01,25,1,24
2020-09-02,35,1,34
2020-09-03,37,1,36
2020-09-04,36,1,35
2020-09-07,55,1,54
2020-09-08,23,1,22
2020-09-09,20,1,19
2020-09-10,39,1,38
2020-09-11,30,1,29
2020-09-14,35,1,34
2020-09-15,29,1,28
2020-09-16,20,1,19
2020-09-17,17,1,16
2020-09-18,19,1,18
2020-09-21,18,1,17
2020-09-22,10,3,7
2020-09-23,13,3,10
2020-09-24,8,5,3
2020-09-25,6,2,4
2020-09-28,12,1,11
2020-09-29,9,1,8
2020-10-05,21,1,20
2020-10-06,19,1,18
2020-10-07,17,1,16
2020-10-08,26,1,25
2020-10-12,24,1,23
2020-10-13,20,1,19
2020-10-14,20,1,19
2020-10-15,18,1,17
2020-10-16,11,1,10
2020-10-19,13,2,11
2020-10-20,11,3,8
2020-10-21,20,1,19
2020-10-22,20,2,18
2020-10-23,14,2,12
2020-10-26,12,3,9
2020-10-27,9,3,6
2020-10-28,11,2,9
2020-10-29,9,2,7
2020-10-30,8,3,5
2020-11-02,10,2,8
2020-11-03,12,1,11
2020-11-04,13,1,12
2020-11-05,15,1,14
2020-11-06,17,1,16
2020-11-09,37,1,36
2020-11-10,36,1,35
2020-11-11,44,1,43
2020-11-12,41,2,39
2020-11-13,31,1,30
2020-11-16,42,1,41
2020-11-17,26,1,25
2020-11-18,34,1,33
2020-11-19,30,1,29
2020-11-20,26,1,25
2020-11-23,38,1,37
2020-11-24,45,2,43
2020-11-25,28,2,26
2020-11-26,29,1,28
2020-11-27,39,1,38
2020-11-30,33,2,31
2020-12-01,44,2,42
2020-12-02,56,2,54
2020-12-03,53,2,51
2020-12-04,57,1,56
2020-12-07,47,1,46
2020-12-08,21,1,20
2020-12-09,42,1,41
2020-12-10,37,1,36
2020-12-11,52,1,51
2020-12-14,35,2,33
2020-12-15,41,2,39
2020-12-16,49,1,48
2020-12-17,50,1,49
2020-12-18,48,1,47
2020-12-21,57,1,56
2020-12-22,18,3,15
2020-12-23,27,2,25
2020-12-24,30,2,28
2020-12-28,38,2,36
2020-12-29,56,1,55
2020-12-30,78,1,77
2021-01-04,108,1,107
2021-01-05,100,1,99
2021-01-06,68,1,67
2021-01-07,115,1,114
2021-01-08,106,1,105
2021-01-11,58,2,56
2021-01-12,42,1,41
2021-01-13,53,1,52
2021-01-14,66,1,65
2021-01-15,46,1,45
2021-01-18,35,1,34
2021-01-19,69,1,68
2021-01-20,81,1,80
2021-01-21,105,1,104
2021-01-22,70,1,69
2021-01-25,79,1,78
2021-01-26,51,1,50
2021-01-27,39,1,38
2021-01-28,29,2,27
2021-01-29,13,2,11
2021-02-01,21,1,20
2021-02-02,28,1,27
2021-02-03,54,1,53
2021-02-04,53,1,52
2021-02-05,51,1,50
2021-02-08,48,1,47
2021-02-09,25,1,24
2021-02-10,39,1,38
2021-02-15,54,1,53
2021-02-16,53,2,51
2021-02-17,57,2,55
2021-02-18,41,2,39
2021-02-19,36,1,35
2021-02-22,44,1,43
2021-02-23,45,1,44
2021-02-24,16,1,15
2021-02-25,37,1,36
2021-02-26,27,1,26
2021-03-02,20,1,19
2021-03-03,34,1,33
2021-03-04,48,1,47
2021-03-05,38,1,37
2021-03-08,38,1,37
2021-03-09,32,1,31
2021-03-10,27,2,25
2021-03-11,32,2,30
2021-03-12,30,2,28
2021-03-15,39,2,37
2021-03-16,49,2,47
2021-03-17,48,2,46
2021-03-18,47,2,45
2021-03-19,50,2,48
2021-03-22,57,2,55
2021-03-23,41,2,39
2021-03-24,53,3,50
2021-03-25,58,3,55
2021-03-26,73,2,71
2021-03-29,77,2,75
2021-03-30,63,2,61
2021-03-31,80,2,78
2021-04-01,60,4,56
2021-04-02,58,8,50
2021-04-05,81,8,73
2021-04-06,80,8,72
2021-04-07,91,5,86
2021-04-08,94,5,89
2021-04-09,90,5,85
2021-04-12,99,5,94
2021-04-13,64,5,59
2021-04-14,69,5,64
2021-04-15,65,5,60
2021-04-16,72,6,66
2021-04-19,68,5,63
2021-04-20,111,5,106
2021-04-21,71,5,66
2021-04-22,83,5,78
2021-04-23,99,5,94
2021-04-26,122,5,117
2021-04-27,137,5,132
2021-04-28,60,6,54
2021-04-29,80,5,75
2021-04-30,67,5,62
2021-05-03,45,8,37
2021-05-04,48,8,40
2021-05-06,104,6,98
2021-05-07,119,5,114
2021-05-10,145,5,140
2021-05-11,164,6,158
2021-05-12,55,7,48
2021-05-13,43,7,36
2021-05-14,47,6,41
2021-05-17,41,8,33
2021-05-18,61,5,56
2021-05-20,52,6,46
2021-05-21,19,8,11
2021-05-24,23,10,13
2021-05-25,38,6,32
2021-05-26,55,7,48
2021-05-27,61,7,54
2021-05-28,48,4,44
2021-05-31,86,5,81
2021-06-01,70,4,66
2021-06-02,90,4,86
2021-06-03,63,5,58
2021-06-04,53,5,48
2021-06-07,61,5,56
2021-06-08,58,6,52
2021-06-09,45,6,39
2021-06-10,36,4,32
2021-06-11,47,5,42
2021-06-14,39,4,35
2021-06-15,41,4,37
2021-06-16,40,4,36
2021-06-17,38,4,34
2021-06-18,39,5,34
2021-06-21,24,6,18
2021-06-22,38,7,31
2021-06-23,29,6,23
2021-06-24,29,7,22
2021-06-25,36,5,31
2021-06-28,44,5,39
2021-06-29,34,5,29
2021-06-30,42,5,37
2021-07-01,35,5,30
2021-07-02,37,5,32
2021-07-05,33,5,28
2021-07-06,40,5,35
2021-07-07,28,5,23
2021-07-08,14,6,8
2021-07-09,11,11,0
2021-07-12,17,6,11
2021-07-13,28,5,23
2021-07-14,32,6,26
2021-07-15,40,5,35
2021-07-16,37,7,30
2021-07-19,31,7,24
2021-07-20,21,8,13
2021-07-21,18,9,9
2021-07-22,23,9,14
2021-07-23,27,9,18
2021-07-26,22,11,11
2021-07-27,22,9,13
2021-07-28,14,10,4
2021-07-29,21,10,11
2021-07-30,19,9,10
2021-08-02,14,10,4
2021-08-03,13,12,1
2021-08-04,16,5,11
2021-08-05,16,5,11
2021-08-06,18,5,13
2021-08-09,22,6,16
2021-08-10,22,8,14
2021-08-11,18,10,8
2021-08-12,23,10,13
2021-08-13,19,18,1
2021-08-17,16,26,-10
2021-08-18,15,13,2
2021-08-19,11,40,-29
2021-08-20,10,49,-39
2021-08-23,14,9,5
2021-08-24,18,7,11
2021-08-25,22,7,15
2021-08-26,23,9,14
2021-08-27,19,10,9
2021-08-30,27,9,18
2021-08-31,24,7,17
2021-09-01,27,7,20
2021-09-02,26,7,19
2021-09-03,25,7,18
2021-09-06,35,6,29
2021-09-07,34,8,26
2021-09-08,41,8,33
2021-09-09,34,9,25
2021-09-10,38,9,29
2021-09-13,32,10,22
2021-09-14,33,7,26
2021-09-15,24,5,19
2021-09-16,34,7,27
2021-09-17,25,10,15
2021-09-23,27,11,16
2021-09-24,23,10,13
2021-09-27,29,10,19
2021-09-28,32,21,11
2021-09-29,26,35,-9
2021-09-30,25,16,9
2021-10-01,18,42,-24
2021-10-05,18,67,-49
2021-10-06,13,75,-62
2021-10-07,12,6,6
2021-10-08,18,11,7
2021-10-12,19,29,-10
2021-10-13,21,10,11
2021-10-14,16,5,11
2021-10-15,21,5,16
2021-10-18,27,6,21
2021-10-19,23,6,17
2021-10-20,28,7,21
2021-10-21,20,5,15
2021-10-22,18,5,13
2021-10-25,21,5,16
2021-10-26,20,5,15
2021-10-27,16,6,10
2021-10-28,12,8,4
2021-10-29,11,14,-3
2021-11-01,13,11,2
2021-11-02,10,6,4
2021-11-03,10,14,-4
2021-11-04,15,18,-3
2021-11-05,16,25,-9
2021-11-08,14,23,-9
2021-11-09,18,23,-5
2021-11-10,14,48,-34
2021-11-11,16,63,-47
2021-11-12,23,14,9
2021-11-15,19,7,12
2021-11-16,18,15,3
2021-11-17,23,41,-18
2021-11-18,21,51,-30
2021-11-19,16,34,-18
2021-11-22,9,37,-28
2021-11-23,11,33,-22
2021-11-24,15,51,-36
2021-11-25,14,64,-50
2021-11-26,11,113,-102
2021-11-29,8,138,-130
2021-11-30,7,197,-190
2021-12-01,7,29,-22
2021-12-02,8,5,3
2021-12-03,8,5,3
2021-12-06,10,5,5
2021-12-07,9,5,4
2021-12-08,11,6,5
2021-12-09,11,5,6
2021-12-10,13,6,7
2021-12-13,9,6,3
2021-12-14,10,6,4
2021-12-15,12,7,5
2021-12-16,8,9,-1
2021-12-17,10,8,2
2021-12-20,7,17,-10
2021-12-21,9,22,-13
2021-12-22,12,16,-4
2021-12-23,13,12,1
2021-12-24,13,8,5
2021-12-27,12,9,3
2021-12-28,15,11,4
2021-12-29,20,4,16
2021-12-30,20,4,16
2022-01-04,20,6,14
2022-01-05,17,9,8
2022-01-06,12,12,0
2022-01-07,19,4,15
2022-01-10,20,20,0
2022-01-11,14,23,-9
2022-01-12,16,6,10
2022-01-13,20,10,10
2022-01-14,19,28,-9
2022-01-17,11,39,-28
2022-01-18,9,50,-41
2022-01-19,18,70,-52
2022-01-20,11,13,-2
2022-01-21,9,31,-22
2022-01-24,8,95,-87
2022-01-25,7,181,-174
2022-01-26,7,182,-175
2022-01-27,6,254,-248
2022-01-28,7,19,-12
2022-02-03,10,7,3
2022-02-04,13,6,7
2022-02-07,12,8,4
2022-02-08,12,8,4
2022-02-09,13,8,5
2022-02-10,19,9,10
2022-02-11,17,13,4
2022-02-14,9,27,-18
2022-02-15,11,38,-27
2022-02-16,12,6,6
2022-02-17,14,5,9
2022-02-18,11,6,5
2022-02-21,8,7,1
2022-02-22,8,7,1
2022-02-23,9,9,0
2022-02-24,16,49,-33
2022-02-25,10,9,1
2022-02-28,10,9,1
2022-03-02,14,11,3
2022-03-03,17,7,10
2022-03-04,18,7,11
2022-03-07,13,22,-9
2022-03-08,9,30,-21
2022-03-10,11,30,-19
2022-03-11,15,26,-11
2022-03-14,19,39,-20
2022-03-15,19,38,-19
2022-03-16,19,28,-9
2022-03-17,16,26,-10
2022-03-18,18,6,12
2022-03-21,17,6,11
2022-03-22,21,7,14
2022-03-23,25,5,20
2022-03-24,28,4,24
2022-03-25,21,5,16
2022-03-28,21,7,14
2022-03-29,15,8,7
2022-03-30,16,7,9
2022-03-31,22,8,14
2022-04-01,19,7,12
2022-04-04,31,7,24
2022-04-05,25,7,18
2022-04-06,23,7,16
2022-04-07,18,8,10
2022-04-08,22,7,15
2022-04-11,21,7,14
2022-04-12,19,10,9
2022-04-13,19,6,13
2022-04-14,24,7,17
2022-04-15,35,9,26
2022-04-18,21,10,11
2022-04-19,32,5,27
2022-04-20,36,5,31
2022-04-21,28,7,21
2022-04-22,41,14,27
2022-04-25,24,24,0
2022-04-26,22,14,8
2022-04-27,14,33,-19
2022-04-28,13,22,-9
2022-04-29,19,8,11
2022-05-02,22,14,8
2022-05-03,24,12,12
2022-05-04,19,13,6
2022-05-06,22,25,-3
2022-05-10,9,63,-54
2022-05-11,9,46,-37
2022-05-12,8,87,-79
2022-05-13,11,19,-8
2022-05-16,10,14,-4
2022-05-17,14,19,-5
2022-05-18,13,21,-8
2022-05-19,12,51,-39
2022-05-20,14,12,2
2022-05-23,14,20,-6
2022-05-24,7,37,-30
2022-05-25,9,27,-18
2022-05-26,12,23,-11
2022-05-27,15,12,3
2022-05-30,15,6,9
2022-05-31,14,7,7
2022-06-02,14,12,2
2022-06-03,13,9,4
2022-06-07,18,19,-1
2022-06-08,17,20,-3
2022-06-09,14,29,-15
2022-06-10,14,40,-26
2022-06-13,8,146,-138
2022-06-14,6,168,-162
2022-06-15,5,240,-235
2022-06-16,8,160,-152
2022-06-17,5,173,-168
2022-06-20,6,336,-330
2022-06-21,7,74,-67
2022-06-22,4,352,-348
2022-06-23,5,434,-429
2022-06-24,6,10,-4
2022-06-27,7,5,2
2022-06-28,8,9,-1
2022-06-29,7,16,-9
2022-06-30,6,41,-35
2022-07-01,6,61,-55
2022-07-04,7,93,-86
2022-07-05,6,6,0
2022-07-06,4,55,-51
2022-07-07,4,21,-17
2022-07-08,5,12,-7
2022-07-11,6,33,-27
2022-07-12,5,95,-90
2022-07-13,6,42,-36
2022-07-14,5,47,-42
2022-07-15,4,78,-74
2022-07-18,4,5,-1
2022-07-19,7,11,-4
2022-07-20,7,8,-1
2022-07-21,6,8,-2
2022-07-22,6,10,-4
2022-07-25,7,9,-2
2022-07-26,7,9,-2
2022-07-27,8,8,0
2022-07-28,9,6,3
2022-07-29,9,5,4
2022-08-01,16,5,11
2022-08-02,13,7,6
2022-08-03,12,5,7
2022-08-04,9,5,4
2022-08-05,8,4,4
2022-08-08,16,6,10
2022-08-09,12,6,6
2022-08-10,16,10,6
2022-08-11,16,4,12
2022-08-12,15,4,11
2022-08-16,17,4,13
2022-08-17,13,6,7
2022-08-18,16,6,10
2022-08-19,16,11,5
2022-08-22,9,15,-6
2022-08-23,20,40,-20
2022-08-24,24,28,-4
2022-08-25,21,8,13
2022-08-26,20,11,9
2022-08-29,17,45,-28
2022-08-30,20,13,7
2022-08-31,22,13,9
2022-09-01,13,54,-41
2022-09-02,12,51,-39
2022-09-05,14,65,-51
2022-09-06,19,36,-17
2022-09-07,11,83,-72
2022-09-08,14,33,-19
2022-09-13,11,7,4
2022-09-14,15,31,-16
2022-09-15,17,33,-16
2022-09-16,6,65,-59
2022-09-19,8,111,-103
2022-09-20,10,41,-31
2022-09-21,9,72,-63
2022-09-22,11,127,-116
2022-09-23,12,185,-173
2022-09-26,4,321,-317
2022-09-27,4,215,-211
2022-09-28,5,355,-350
2022-09-29,10,220,-210
2022-09-30,6,231,-225
2022-10-04,7,27,-20
2022-10-05,8,86,-78
2022-10-06,9,22,-13
2022-10-07,7,40,-33
2022-10-11,7,232,-225
2022-10-12,6,167,-161
2022-10-13,5,366,-361
2022-10-14,8,24,-16
2022-10-17,7,30,-23
2022-10-18,5,16,-11
2022-10-19,6,23,-17
2022-10-20,7,48,-41
2022-10-21,7,81,-74
2022-10-24,9,37,-28
2022-10-25,9,72,-63
2022-10-26,7,103,-96
2022-10-27,8,12,-4
2022-10-28,9,26,-17
2022-10-31,8,30,-22
2022-11-01,12,9,3
2022-11-02,8,14,-6
2022-11-03,12,26,-14
2022-11-04,10,20,-10
2022-11-07,11,13,-2
2022-11-08,4,7,-3
2022-11-09,8,6,2
2022-11-10,11,9,2
2022-11-11,14,4,10
2022-11-14,17,5,12
2022-11-15,15,6,9
2022-11-16,13,5,8
2022-11-17,12,4,8
2022-11-18,7,6,1
2022-11-21,10,10,0
2022-11-22,13,8,5
2022-11-23,12,4,8
2022-11-24,12,3,9
2022-11-25,19,3,16
2022-11-28,11,10,1
2022-11-29,16,6,10
2022-11-30,19,4,15
2022-12-01,13,3,10
2022-12-02,9,5,4
2022-12-05,9,5,4
2022-12-06,5,7,-2
2022-12-07,8,11,-3
2022-12-08,6,11,-5
2022-12-09,10,5,5
2022-12-12,9,9,0
2022-12-13,12,10,2
2022-12-14,7,6,1
2022-12-15,7,7,0
2022-12-16,9,12,-3
2022-12-19,6,16,-10
2022-12-20,6,26,-20
2022-12-21,8,23,-15
2022-12-22,10,11,-1
2022-12-23,7,40,-33
2022-12-26,7,43,-36
2022-12-27,10,20,-10
2022-12-28,18,23,-5
2022-12-29,5,57,-52
2023-01-02,5,83,-78
2023-01-03,6,60,-54
2023-01-04,7,20,-13
2023-01-05,9,15,-6
2023-01-06,9,8,1
2023-01-09,8,6,2
2023-01-10,10,8,2
2023-01-11,6,5,1
2023-01-12,9,5,4
2023-01-13,10,5,5
2023-01-16,10,3,7
2023-01-17,6,4,2
2023-01-18,8,4,4
2023-01-19,13,6,7
2023-01-20,13,4,9
2023-01-25,16,6,10
2023-01-26,15,4,11
2023-01-27,24,6,18
2023-01-30,12,5,7
2023-01-31,15,6,9
2023-02-01,13,4,9
2023-02-02,12,3,9
2023-02-03,8,3,5
2023-02-06,9,4,5
2023-02-07,10,6,4
2023-02-08,19,4,15
2023-02-09,10,7,3
2023-02-10,15,5,10
2023-02-13,16,7,9
2023-02-14,13,7,6
2023-02-15,10,10,0
2023-02-16,20,6,14
2023-02-17,18,8,10
2023-02-20,18,6,12
2023-02-21,19,5,14
2023-02-22,13,11,2
2023-02-23,21,7,14
2023-02-24,19,15,4
2023-02-27,18,21,-3
2023-02-28,16,11,5
2023-03-02,23,15,8
2023-03-03,18,13,5
2023-03-06,16,20,-4
2023-03-07,19,14,5
2023-03-08,19,29,-10
2023-03-09,18,28,-10
2023-03-10,10,38,-28
2023-03-13,8,47,-39
2023-03-14,5,94,-89
2023-03-15,11,31,-20
2023-03-16,11,58,-47
2023-03-17,9,8,1
2023-03-20,12,15,-3
2023-03-21,16,17,-1
2023-03-22,19,29,-10
2023-03-23,16,49,-33
2023-03-24,20,27,-7
2023-03-27,19,41,-22
2023-03-28,19,13,6
2023-03-29,18,15,3
2023-03-30,26,11,15
2023-03-31,25,11,14
2023-04-03,34,9,25
2023-04-04,26,5,21
2023-04-05,23,5,18
2023-04-06,22,9,13
2023-04-07,20,8,12
2023-04-10,25,24,1
2023-04-11,21,10,11
2023-04-12,39,7,32
2023-04-13,32,10,22
2023-04-14,29,6,23
2023-04-17,45,6,39
2023-04-18,35,7,28
2023-04-19,40,7,33
2023-04-20,25,9,16
2023-04-21,14,14,0
2023-04-24,11,23,-12
2023-04-25,24,27,-3
2023-04-26,12,26,-14
2023-04-27,17,36,-19
2023-04-28,15,22,-7
2023-05-02,19,8,11
2023-05-03,20,14,6
2023-05-04,16,11,5
2023-05-08,13,7,6
2023-05-09,14,11,3
2023-05-10,24,9,15
2023-05-11,18,10,8
2023-05-12,22,19,3
2023-05-15,17,25,-8
2023-05-16,12,33,-21
2023-05-17,12,25,-13
2023-05-18,17,18,-1
2023-05-19,14,9,5
2023-05-22,16,7,9
2023-05-23,15,6,9
2023-05-24,18,7,11
2023-05-25,12,12,0
2023-05-26,11,19,-8
2023-05-30,15,16,-1
2023-05-31,11,25,-14
2023-06-01,19,18,1
2023-06-02,20,13,7
2023-06-05,24,7,17
2023-06-07,19,10,9
2023-06-08,25,18,7
2023-06-09,26,11,15
2023-06-12,22,19,3
2023-06-13,23,20,3
2023-06-14,22,33,-11
2023-06-15,19,35,-16
2023-06-16,27,23,4
2023-06-19,33,30,3
2023-06-20,22,29,-7
2023-06-21,21,59,-38
2023-06-22,17,44,-27
2023-06-23,12,66,-54
2023-06-26,18,39,-21
2023-06-27,22,32,-10
2023-06-28,25,41,-16
2023-06-29,16,65,-49
2023-06-30,22,22,0
2023-07-03,31,17,14
2023-07-04,38,35,3
2023-07-05,32,50,-18
2023-07-06,25,84,-59
2023-07-07,22,91,-69
2023-07-10,21,46,-25
2023-07-11,31,23,8
2023-07-12,31,19,12
2023-07-13,25,11,14
2023-07-14,33,19,14
2023-07-17,30,16,14
2023-07-18,20,40,-20
2023-07-19,12,45,-33
2023-07-20,16,35,-19
2023-07-21,20,35,-15
2023-07-24,23,93,-70
2023-07-25,31,119,-88
2023-07-26,9,193,-184
2023-07-27,16,21,-5
2023-07-28,19,11,8
2023-07-31,30,10,20
2023-08-01,22,7,15
2023-08-02,17,6,11
2023-08-03,17,9,8
2023-08-04,14,9,5
2023-08-07,19,7,12
2023-08-08,15,19,-4
2023-08-09,15,13,2
2023-08-10,20,9,11
2023-08-11,25,10,15
2023-08-14,28,13,15
2023-08-16,21,29,-8
2023-08-17,11,38,-27
2023-08-18,12,42,-30
2023-08-21,14,29,-15
2023-08-22,9,36,-27
2023-08-23,14,42,-28
2023-08-24,13,24,-11
2023-08-25,17,25,-8
2023-08-28,23,7,16
2023-08-29,19,6,13
2023-08-30,21,7,14
2023-08-31,19,8,11
2023-09-01,10,9,1
2023-09-04,13,12,1
2023-09-05,14,14,0
2023-09-06,16,20,-4
2023-09-07,9,42,-33
2023-09-08,15,16,-1
2023-09-11,21,16,5
2023-09-12,9,23,-14
2023-09-13,9,37,-28
2023-09-14,16,15,1
2023-09-15,23,7,16
2023-09-18,25,10,15
2023-09-19,22,23,-1
2023-09-20,20,29,-9
2023-09-21,11,53,-42
2023-09-22,10,56,-46
2023-09-25,8,69,-61
2023-09-26,6,108,-102
2023-09-27,9,32,-23
2023-10-04,5,152,-147
2023-10-05,6,124,-118
2023-10-06,10,45,-35
2023-10-10,7,98,-91
2023-10-11,8,14,-6
2023-10-12,12,8,4
2023-10-13,14,20,-6
2023-10-16,15,55,-40
2023-10-17,8,22,-14
2023-10-18,15,41,-26
2023-10-19,7,120,-113
2023-10-20,5,177,-172
2023-10-23,5,146,-141
2023-10-24,4,46,-42
2023-10-25,6,25,-19
2023-10-26,4,130,-126
2023-10-27,9,74,-65
2023-10-30,10,46,-36
2023-10-31,7,108,-101
2023-11-01,6,47,-41
2023-11-02,5,13,-8
2023-11-03,10,7,3
2023-11-06,14,6,8
2023-11-07,10,10,0
2023-11-08,12,9,3
2023-11-09,10,11,-1
2023-11-10,11,24,-13
2023-11-13,11,39,-28
2023-11-14,12,11,1
2023-11-15,13,5,8
2023-11-16,18,5,13
2023-11-17,18,9,9
2023-11-20,15,7,8
2023-11-21,17,3,14
2023-11-22,16,8,8
2023-11-23,14,9,5
2023-11-24,12,10,2
2023-11-27,16,17,-1
2023-11-28,17,14,3
2023-11-29,9,14,-5
2023-11-30,14,16,-2
2023-12-01,16,18,-2
2023-12-04,10,15,-5
2023-12-05,9,16,-7
2023-12-06,15,12,3
2023-12-07,18,16,2
2023-12-08,15,11,4
2023-12-11,11,7,4
2023-12-12,12,11,1
2023-12-13,9,22,-13
2023-12-14,17,17,0
2023-12-15,13,11,2
2023-12-18,12,10,2
2023-12-19,10,11,-1
2023-12-20,19,8,11
2023-12-21,12,14,-2
2023-12-22,13,12,1
2023-12-26,14,18,-4
2023-12-27,27,9,18
2023-12-28,27,5,22
2024-01-02,23,5,18
2024-01-03,13,4,9
2024-01-04,9,7,2
2024-01-05,8,6,2
2024-01-08,4,11,-7
2024-01-09,10,6,4
2024-01-10,12,6,6
2024-01-11,13,9,4
2024-01-12,14,13,1
2024-01-15,16,18,-2
2024-01-16,7,35,-28
2024-01-17,5,64,-59
2024-01-18,11,53,-42
2024-01-19,12,28,-16
2024-01-22,12,50,-38
2024-01-23,10,32,-22
2024-01-24,10,41,-31
2024-01-25,14,40,-26
2024-01-26,17,19,-2
2024-01-29,25,18,7
2024-01-30,32,15,17
2024-01-31,28,26,2
2024-02-01,57,21,36
2024-02-02,60,4,56
2024-02-05,44,11,33
2024-02-06,19,18,1
2024-02-07,44,10,34
2024-02-08,40,6,34
2024-02-13,43,5,38
2024-02-14,27,7,20
2024-02-15,20,6,14
2024-02-16,33,6,27
2024-02-19,63,6,57
2024-02-20,30,10,20
2024-02-21,20,8,12
2024-02-22,26,10,16
2024-02-23,34,13,21
2024-02-26,15,14,1
2024-02-27,14,29,-15
2024-02-28,18,15,3
2024-02-29,20,27,-7
2024-03-04,41,27,14
2024-03-05,32,48,-16
2024-03-06,39,52,-13
2024-03-07,26,57,-31
2024-03-08,24,30,-6
2024-03-11,16,28,-12
2024-03-12,15,35,-20
2024-03-13,20,22,-2
2024-03-14,31,17,14
2024-03-15,17,20,-3
2024-03-18,15,20,-5
2024-03-19,13,34,-21
2024-03-20,12,24,-12
2024-03-21,24,13,11
2024-03-22,28,15,13
2024-03-25,24,24,0
2024-03-26,30,18,12
2024-03-27,20,19,1
2024-03-28,20,18,2
2024-03-29,17,23,-6
2024-04-01,18,11,7
2024-04-02,14,23,-9
2024-04-03,13,31,-18
2024-04-04,27,32,-5
2024-04-05,16,49,-33
2024-04-08,20,62,-42
2024-04-09,16,53,-37
2024-04-11,21,61,-40
2024-04-12,22,49,-27
2024-04-15,23,80,-57
2024-04-16,11,125,-114
2024-04-17,9,74,-65
2024-04-18,22,13,9
2024-04-19,20,45,-25
2024-04-22,18,19,-1
2024-04-23,19,20,-1
2024-04-24,20,11,9
2024-04-25,23,19,4
2024-04-26,28,27,1
2024-04-29,35,9,26
2024-04-30,22,15,7
2024-05-02,21,15,6
2024-05-03,20,16,4
2024-05-07,28,12,16
2024-05-08,30,5,25
2024-05-09,26,10,16
2024-05-10,38,10,28
2024-05-13,53,13,40
2024-05-14,28,8,20
2024-05-16,46,8,38
2024-05-17,36,16,20
2024-05-20,40,19,21
2024-05-21,36,23,13
2024-05-22,32,25,7
2024-05-23,20,23,-3
2024-05-24,17,34,-17
2024-05-27,32,28,4
2024-05-28,30,23,7
2024-05-29,21,42,-21
2024-05-30,17,52,-35
2024-05-31,21,37,-16
2024-06-03,34,14,20
2024-06-04,20,23,-3
2024-06-05,15,18,-3
2024-06-07,18,23,-5
2024-06-10,31,34,-3
2024-06-11,22,34,-12
2024-06-12,29,24,5
2024-06-13,34,28,6
2024-06-14,45,41,4
2024-06-17,32,43,-11
2024-06-18,37,44,-7
2024-06-19,25,57,-32
2024-06-20,30,33,-3
2024-06-21,20,51,-31
2024-06-24,18,72,-54
2024-06-25,21,42,-21
2024-06-26,19,48,-29
2024-06-27,27,64,-37
2024-06-28,23,32,-9
2024-07-01,19,22,-3
2024-07-02,8,57,-49
2024-07-03,12,80,-68
2024-07-04,24,68,-44
2024-07-05,21,45,-24
2024-07-08,20,31,-11
2024-07-09,21,25,-4
2024-07-10,21,24,-3
2024-07-11,26,30,-4
2024-07-12,14,20,-6
2024-07-15,22,21,1
2024-07-16,29,36,-7
2024-07-17,27,37,-10
2024-07-18,24,51,-27
2024-07-19,12,50,-38
2024-07-22,14,85,-71
2024-07-23,20,87,-67
2024-07-24,24,86,-62
2024-07-25,11,111,-100
2024-07-26,31,53,-22
2024-07-29,33,34,-1
2024-07-30,27,77,-50
2024-07-31,31,36,-5
2024-08-01,34,11,23
2024-08-02,5,98,-93
2024-08-05,5,328,-323
2024-08-06,6,28,-22
2024-08-07,12,11,1
2024-08-08,15,28,-13
2024-08-09,13,11,2
2024-08-12,18,7,11
2024-08-13,17,12,5
2024-08-14,16,9,7
2024-08-16,18,12,6
2024-08-19,25,18,7
2024-08-20,30,9,21
2024-08-21,32,8,24
2024-08-22,16,8,8
2024-08-23,33,7,26
2024-08-26,31,13,18
2024-08-27,19,14,5
2024-08-28,13,16,-3
2024-08-29,13,15,-2
2024-08-30,13,12,1
2024-09-02,6,16,-10
2024-09-03,15,16,-1
2024-09-04,8,61,-53
2024-09-05,10,54,-44
2024-09-06,10,107,-97
2024-09-09,8,55,-47
2024-09-10,8,67,-59
2024-09-11,7,72,-65
2024-09-12,11,9,2
2024-09-13,16,10,6
2024-09-19,18,18,0
2024-09-20,26,17,9
2024-09-23,16,16,0
2024-09-24,13,7,6
2024-09-25,10,11,-1
2024-09-26,13,5,8
2024-09-27,12,6,6
2024-09-30,6,15,-9
2024-10-02,7,25,-18
2024-10-04,11,15,-4
2024-10-07,13,6,7
2024-10-08,9,16,-7
2024-10-10,20,20,0
2024-10-11,21,21,0
2024-10-14,22,14,8
2024-10-15,24,15,9
2024-10-16,22,26,-4
2024-10-17,17,24,-7
2024-10-18,15,41,-26
2024-10-21,20,35,-15
2024-10-22,17,71,-54
2024-10-23,11,53,-42
2024-10-24,14,82,-68
2024-10-25,19,109,-90
2024-10-28,13,30,-17
2024-10-29,11,33,-22
2024-10-30,17,28,-11
2024-10-31,13,26,-13
2024-11-01,7,41,-34
2024-11-04,12,19,-7
2024-11-05,13,9,4
2024-11-06,14,37,-23
2024-11-07,11,42,-31
2024-11-08,16,45,-29
2024-11-11,15,113,-98
2024-11-12,9,188,-179
2024-11-13,5,237,-232
2024-11-14,10,186,-176
2024-11-15,7,109,-102
2024-11-18,9,46,-37
2024-11-19,11,41,-30
2024-11-20,16,38,-22
2024-11-21,7,42,-35
2024-11-22,15,32,-17
2024-11-25,16,19,-3
2024-11-26,16,26,-10
2024-11-27,26,29,-3
2024-11-28,18,18,0
2024-11-29,11,73,-62
2024-12-02,9,116,-107
2024-12-03,23,36,-13
2024-12-04,12,106,-94
2024-12-05,13,160,-147
2024-12-06,10,186,-176
2024-12-09,9,341,-332
2024-12-10,15,11,4
2024-12-11,24,7,17
2024-12-12,16,6,10
2024-12-13,22,3,19
2024-12-16,13,6,7
2024-12-17,14,5,9
2024-12-18,16,4,12
2024-12-19,13,5,8
2024-12-20,9,18,-9
2024-12-23,15,5,10
2024-12-24,12,8,4
2024-12-26,14,19,-5
2024-12-27,13,28,-15
2024-12-30,12,18,-6
2025-01-02,17,24,-7
2025-01-03,15,5,10
2025-01-06,9,4,5
2025-01-07,14,4,10
2025-01-08,15,5,10
2025-01-09,15,5,10
2025-01-10,17,4,13
2025-01-13,14,15,-1
2025-01-14,9,13,-4
2025-01-15,14,24,-10
2025-01-16,15,13,2
2025-01-17,18,15,3
2025-01-20,13,18,-5
2025-01-21,17,22,-5
2025-01-22,18,19,-1
2025-01-23,16,37,-21
2025-01-24,21,25,-4
2025-01-31,15,28,-13
2025-02-03,9,78,-69
2025-02-04,14,26,-12
2025-02-05,15,10,5
2025-02-06,21,8,13
2025-02-07,18,16,2
2025-02-10,14,24,-10
2025-02-11,17,19,-2
2025-02-12,26,29,-3
2025-02-13,23,20,3
2025-02-14,28,19,9
2025-02-17,30,14,16
2025-02-18,31,14,17
2025-02-19,24,7,17
2025-02-20,23,3,20
2025-02-21,24,2,22
2025-02-24,21,3,18
2025-02-25,25,5,20
2025-02-26,22,5,17
2025-02-27,23,4,19
2025-02-28,8,33,-25
2025-03-04,14,39,-25
2025-03-05,23,8,15
2025-03-06,29,14,15
2025-03-07,19,23,-4
2025-03-10,21,17,4
2025-03-11,8,37,-29
2025-03-12,13,21,-8
2025-03-13,18,19,-1
2025-03-14,13,16,-3
2025-03-17,21,21,0
2025-03-18,17,15,2
2025-03-19,14,13,1
2025-03-20,17,20,-3
2025-03-21,12,32,-20
2025-03-24,8,23,-15
2025-03-25,12,25,-13
2025-03-26,12,17,-5
2025-03-27,6,36,-30
2025-03-28,10,56,-46
2025-03-31,3,103,-100
2025-04-01,10,29,-19
2025-04-02,16,71,-55
2025-04-03,7,83,-76
2025-04-04,18,25,-7
2025-04-07,12,153,-141
2025-04-08,15,88,-73
2025-04-09,7,164,-157
2025-04-10,11,7,4
2025-04-11,17,8,9
2025-04-14,23,10,13
2025-04-15,27,8,19
2025-04-16,19,11,8
2025-04-17,21,8,13
2025-04-18,34,8,26
2025-04-21,43,9,34
2025-04-22,38,11,27
2025-04-23,34,7,27
2025-04-24,35,7,28
2025-04-25,39,7,32
2025-04-28,44,7,37
2025-04-29,59,8,51
2025-04-30,46,9,37
2025-05-02,42,9,33
2025-05-07,49,9,40
2025-05-08,50,7,43
2025-05-09,49,9,40
2025-05-12,58,8,50
2025-05-13,53,10,43
2025-05-14,63,8,55
2025-05-15,47,14,33
2025-05-16,51,18,33
2025-05-19,34,13,21
2025-05-20,52,24,28
2025-05-21,65,18,47
2025-05-22,34,28,6
2025-05-23,63,31,32
2025-05-26,78,13,65
2025-05-27,48,19,29
2025-05-28,48,9,39
2025-05-29,105,8,97
2025-05-30,72,10,62
2025-06-02,55,10,45
2025-06-04,145,7,138
2025-06-05,87,6,81
2025-06-09,138,6,132
2025-06-10,94,6,88
2025-06-11,98,6,92
2025-06-12,100,6,94
2025-06-13,44,9,35
2025-06-16,99,9,90
2025-06-17,52,8,44
2025-06-18,56,9,47
2025-06-19,59,12,47
2025-06-20,46,8,38
2025-06-23,56,16,40
2025-06-24,95,9,86
2025-06-25,70,7,63
2025-06-26,35,10,25
2025-06-27,26,13,13
2025-06-30,41,11,30
2025-07-01,88,9,79
2025-07-02,55,9,46
2025-07-03,61,6,55
2025-07-04,33,7,26
2025-07-07,41,8,33
2025-07-08,80,11,69
2025-07-09,136,6,130
2025-07-10,135,6,129
2025-07-11,105,6,99
2025-07-14,141,6,135
2025-07-15,71,7,64
2025-07-16,39,8,31
2025-07-17,41,6,35
2025-07-18,19,7,12
2025-07-21,20,8,12
2025-07-22,18,7,11
2025-07-23,20,8,12
2025-07-24,21,11,10
2025-07-25,18,15,3
2025-07-28,21,15,6
2025-07-29,26,15,11
2025-07-30,19,14,5
2025-07-31,17,10,7
2025-08-01,8,24,-16
2025-08-04,15,14,1
2025-08-05,21,9,12
2025-08-06,18,10,8
2025-08-07,19,10,9
2025-08-08,23,8,15
2025-08-11,18,8,10
2025-08-12,13,11,2
2025-08-13,18,11,7
2025-08-14,18,11,7
2025-08-18,18,20,-2
2025-08-19,16,19,-3
2025-08-20,15,24,-9
2025-08-21,16,15,1
2025-08-22,18,15,3
2025-08-25,21,11,10
2025-08-26,18,15,3
2025-08-27,22,16,6
2025-08-28,21,16,5
2025-08-29,30,19,11
2025-09-01,17,26,-9
2025-09-02,15,18,-3
2025-09-03,17,15,2
2025-09-04,17,9,8
2025-09-05,18,11,7
2025-09-08,33,7,26
2025-09-09,28,7,21
2025-09-10,31,7,24
2025-09-11,42,8,34
2025-09-12,28,9,19
2025-09-15,33,7,26
2025-09-16,29,12,17
2025-09-17,25,12,13
2025-09-18,34,9,25
2025-09-19,0,0,0
2025-09-22,29,13,16
2025-09-23,25,20,5
2025-09-24,20,23,-3
2025-09-25,16,19,-3
2025-09-26,7,28,-21
2025-09-29,16,19,-3
2025-09-30,10,23,-13
2025-10-01,17,24,-7
2025-10-02,27,14,13
2025-10-10,31,32,-1
2025-10-13,16,30,-14
2025-10-14,11,24,-13
2025-10-15,22,13,9
2025-10-16,26,14,12
2025-10-17,21,23,-2
2025-10-20,31,19,12
2025-10-21,26,14,12
2025-10-22,37,15,22
2025-10-23,26,21,5
2025-10-24,44,19,25
2025-10-27,55,20,35
2025-10-28,36,21,15
2025-10-29,45,25,20
2025-10-30,31,31,0
2025-10-31,31,38,-7
2025-11-03,42,52,-10
2025-11-04,25,34,-9
2025-11-05,11,56,-45
2025-11-06,21,26,-5
2025-11-07,11,43,-32
2025-11-10,32,12,20
2025-11-11,27,15,12
2025-11-12,43,7,36
2025-11-13,32,7,25
2025-11-14,18,13,5
2025-11-17,29,19,10
2025-11-18,17,49,-32
2025-11-19,24,42,-18
2025-11-20,28,15,13
2025-11-21,22,28,-6
2025-11-24,15,33,-18
2025-11-25,24,37,-13
2025-11-26,30,9,21
2025-11-27,30,15,15
2025-11-28,23,14,9
2025-12-01,26,15,11
2025-12-02,38,13,25
2025-12-03,47,12,35
2025-12-04,45,12,33
2025-12-05,51,10,41
2025-12-08,43,11,32
2025-12-09,34,13,21
2025-12-10,24,15,9
2025-12-11,38,18,20
2025-12-12,44,15,29
2025-12-15,35,14,21
2025-12-16,22,16,6
2025-12-17,28,16,12
2025-12-18,18,21,-3
2025-12-19,21,14,7
2025-12-22,28,11,17
2025-12-23,22,20,2
2025-12-24,18,23,-5
2025-12-26,21,31,-10
2025-12-29,30,23,7
2025-12-30,25,30,-5
2026-01-02,36,23,13
2026-01-05,33,27,6
2026-01-06,34,25,9
2026-01-07,24,48,-24
2026-01-08,21,63,-42
2026-01-09,25,32,-7
2026-01-12,29,19,10
2026-01-13,46,26,20
2026-01-14,39,14,25
2026-01-15,46,20,26
2026-01-16,46,22,24
2026-01-19,62,32,30
2026-01-20,51,12,39
2026-01-21,46,30,16
2026-01-22,36,20,16
2026-01-23,48,12,36
2026-01-26,38,10,28
2026-01-27,52,14,38
2026-01-28,56,14,42
2026-01-29,59,13,46
2026-01-30,56,15,41
2026-02-02,17,37,-20
2026-02-03,73,16,57
2026-02-04,100,11,89
2026-02-05,59,12,47
2026-02-06,47,13,34
2026-02-09,81,10,71
2026-02-10,92,11,81
2026-02-11,99,12,87
2026-02-12,128,13,115
2026-02-13,96,16,80
2026-02-19,141,16,125
2026-02-20,144,20,124
2026-02-23,123,19,104
2026-02-24,103,11,92
2026-02-25,98,12,86
2026-02-26,88,23,65
2026-02-27,58,26,32
2026-03-03,30,51,-21
2026-03-04,13,131,-118
2026-03-05,13,14,-1
2026-03-06,17,12,5
2026-03-09,15,52,-37
2026-03-10,11,21,-10
2026-03-11,15,16,-1
2026-03-12,27,14,13
2026-03-13,33,15,18
2026-03-16,22,16,6
2026-03-17,26,18,8
2026-03-18,40,19,21
2026-03-19,32,28,4
2026-03-20,58,13,45
2026-03-23,16,33,-17
2026-03-24,17,13,4
2026-03-25,28,12,16
2026-03-26,25,12,13
2026-03-27,19,15,4
2026-03-30,20,26,-6
2026-03-31,18,36,-18
2026-04-01,24,12,12
2026-04-02,24,27,-3
2026-04-03,35,20,15
2026-04-06,32,28,4
2026-04-07,22,28,-6
2026-04-08,43,14,29
2026-04-09,43,17,26
2026-04-10,50,12,38
2026-04-13,52,14,38
2026-04-14,62,14,48
2026-04-15,73,13,60
2026-04-16,69,13,56
2026-04-17,61,14,47
2026-04-20,57,13,44
2026-04-21,62,13,49
2026-04-22,78,14,64
2026-04-23,70,15,55
2026-04-24,89,13,76
2026-04-27,101,13,88
2026-04-28,86,16,70
2026-04-29,94,19,75
2026-04-30,50,18,32
2026-05-04,83,24,59
2026-05-06,60,35,25
2026-05-07,47,37,10
2026-05-08,41,35,6
2026-05-11,41,58,-17
2026-05-12,31,73,-42
2026-05-13,46,68,-22
2026-05-14,46,27,19
2026-05-15,28,45,-17
2026-05-18,20,69,-49
2026-05-19,17,75,-58
2026-05-20,16,114,-98
2026-05-21,26,72,-46
2026-05-22,31,16,15
2026-05-26,35,46,-11
2026-05-27,28,116,-88
2026-05-28,23,116,-93
2026-05-29,30,139,-109
2026-06-01,29,193,-164
2026-06-02,23,167,-144
2026-06-04,20,113,-93
2026-06-05,15,141,-126
2026-06-08,14,275,-261
2026-06-09,17,56,-39
2026-06-10,16,65,-49
2026-06-11,18,44,-26
2026-06-12,17,16,1
2026-06-15,19,14,5
2026-06-16,22,14,8
2026-06-17,20,15,5
2026-06-18,18,37,-19
2026-06-19,18,92,-74
2026-06-22,18,140,-122
2026-06-23,14,279,-265
2026-06-24,14,132,-118
2026-06-25,13,197,-184
2026-06-26,14,298,-284
2026-06-29,13,22,-9
2026-06-30,15,31,-16
2026-07-01,17,21,-4
2026-07-02,14,33,-19
2026-07-03,13,23,-10
2026-07-06,15,20,-5
2026-07-07,16,36,-20
2026-07-08,14,75,-61
2026-07-09,13,77,-64
2026-07-10,16,15,1
2026-07-13,16,52,-36
2026-07-14,16,85,-69
2026-07-15,17,29,-12
2026-07-16,20,34,-14
2026-07-20,17,121,-104
2026-07-21,14,80,-66
2026-07-22,17,61,-44
2026-07-23,22,14,8
2026-07-24,21,20,1
2026-07-27,18,24,-6
2026-07-28,13,125,-112
2026-07-29,14,239,-225
2026-07-30,15,86,-71
2026-07-31,16,15,1
2026-08-03,16,15,1
2026-08-04,18,14,4
2026-08-05,15,13,2
2026-08-06,21,13,8
2026-08-07,25,10,15
2026-08-10,24,11,13
2026-08-11,29,10,19
2026-08-12,20,13,7
2026-08-13,19,16,3
2026-08-14,27,17,10
2026-08-18,23,17,6
2026-08-19,18,23,-5
2026-08-20,20,17,3
2026-08-21,20,32,-12
2026-08-24,22,19,3
2026-08-25,29,11,18
2026-08-26,23,11,12
2026-08-27,17,12,5
2026-08-28,33,12,21
2026-08-31,24,12,12
2026-09-01,22,11,11
2026-09-02,16,15,1
2026-09-03,19,16,3
2026-09-04,17,11,6
2026-09-07,16,12,4
2026-09-08,16,16,0
2026-09-09,17,15,2
2026-09-10,17,15,2
2026-09-11,18,15,3
2026-09-14,20,18,2
2026-09-15,16,25,-9
2026-09-16,18,30,-12
2026-09-17,19,33,-14
2026-09-18,24,31,-7
2026-09-21,17,33,-16
2026-09-22,21,33,-12
